state,year,month,collection_centres,estimated_generation,estimated_collected,collection_percentage,demand_level,priority_level
Arunachal Pradesh,2017,1,20,530.63,55.69,10.49,Low,High
Arunachal Pradesh,2017,2,20,331.29,32.03,9.67,Low,High
Arunachal Pradesh,2017,3,20,306.42,30.06,9.81,Low,High
Arunachal Pradesh,2017,4,20,306.43,27.83,9.08,Low,High
Arunachal Pradesh,2017,5,20,1030.74,98.04,9.51,Medium,High
Arunachal Pradesh,2017,6,20,635.49,62.48,9.83,Low,High
Arunachal Pradesh,2017,7,20,250.73,23.11,9.22,Low,High
Arunachal Pradesh,2017,8,20,547.5,54.54,9.96,Low,High
Arunachal Pradesh,2017,9,20,443.13,42.03,9.48,Low,High
Arunachal Pradesh,2017,10,20,47.86,4.61,9.64,Low,High
Arunachal Pradesh,2017,11,20,148.8,14.11,9.48,Low,High
Arunachal Pradesh,2017,12,20,466.89,49.88,10.68,Low,High
Arunachal Pradesh,2018,1,20,445.86,97.09,21.78,Low,Medium
Arunachal Pradesh,2018,2,20,173.05,36.37,21.02,Low,High
Arunachal Pradesh,2018,3,20,802.9,166.22,20.7,Medium,High
Arunachal Pradesh,2018,4,20,144.68,31.95,22.08,Low,Medium
Arunachal Pradesh,2018,5,20,127.81,28.8,22.53,Low,Medium
Arunachal Pradesh,2018,6,20,522.81,117.24,22.43,Low,Medium
Arunachal Pradesh,2018,7,20,760.54,156.13,20.53,Medium,High
Arunachal Pradesh,2018,8,20,513.04,108.24,21.1,Low,High
Arunachal Pradesh,2018,9,20,411.38,89.61,21.78,Low,Medium
Arunachal Pradesh,2018,10,20,353.43,79.43,22.47,Low,Medium
Arunachal Pradesh,2018,11,20,308.15,64.45,20.91,Low,High
Arunachal Pradesh,2018,12,20,929.34,197.29,21.23,Medium,High
Arunachal Pradesh,2019,1,20,195.45,41.36,21.16,Low,High
Arunachal Pradesh,2019,2,20,177.02,38.06,21.5,Low,High
Arunachal Pradesh,2019,3,20,506.84,116.89,23.06,Low,Medium
Arunachal Pradesh,2019,4,20,1070.32,239.92,22.42,Medium,Medium
Arunachal Pradesh,2019,5,20,700.74,150.44,21.47,Low,High
Arunachal Pradesh,2019,6,20,1462.25,330.75,22.62,Medium,Medium
Arunachal Pradesh,2019,7,20,18.17,4.03,22.16,Low,Medium
Arunachal Pradesh,2019,8,20,955.12,220.84,23.12,Medium,Medium
Arunachal Pradesh,2019,9,20,573.17,121.96,21.28,Low,High
Arunachal Pradesh,2019,10,20,421.35,91.4,21.69,Low,Medium
Arunachal Pradesh,2019,11,20,450.03,97.3,21.62,Low,High
Arunachal Pradesh,2019,12,20,698.61,142.79,20.44,Low,High
Arunachal Pradesh,2020,1,20,833.93,209.69,25.15,Medium,Medium
Arunachal Pradesh,2020,2,20,813.06,209.55,25.77,Medium,Medium
Arunachal Pradesh,2020,3,20,170.82,43.3,25.35,Low,Medium
Arunachal Pradesh,2020,4,20,473.52,113.2,23.91,Low,Medium
Arunachal Pradesh,2020,5,20,588.46,157.95,26.84,Low,Low
Arunachal Pradesh,2020,6,20,900.39,237.2,26.34,Medium,Medium
Arunachal Pradesh,2020,7,20,811.0,214.05,26.39,Medium,Medium
Arunachal Pradesh,2020,8,20,630.74,152.86,24.24,Low,Medium
Arunachal Pradesh,2020,9,20,85.88,23.34,27.17,Low,Low
Arunachal Pradesh,2020,10,20,654.92,154.63,23.61,Low,Medium
Arunachal Pradesh,2020,11,20,700.23,183.0,26.13,Low,Medium
Arunachal Pradesh,2020,12,20,2927.47,824.68,28.17,Medium,Low
Arunachal Pradesh,2021,1,20,460.43,123.73,26.87,Low,Low
Arunachal Pradesh,2021,2,20,695.11,191.6,27.56,Low,Low
Arunachal Pradesh,2021,3,20,240.79,59.92,24.89,Low,Medium
Arunachal Pradesh,2021,4,20,1177.27,291.68,24.78,Medium,Medium
Arunachal Pradesh,2021,5,20,495.35,134.83,27.22,Low,Low
Arunachal Pradesh,2021,6,20,3066.02,825.41,26.92,Medium,Low
Arunachal Pradesh,2021,7,20,567.07,152.31,26.86,Low,Low
Arunachal Pradesh,2021,8,20,860.79,232.3,26.99,Medium,Low
Arunachal Pradesh,2021,9,20,1978.89,507.1,25.63,Medium,Medium
Arunachal Pradesh,2021,10,20,354.6,95.16,26.84,Low,Low
Arunachal Pradesh,2021,11,20,223.55,60.17,26.92,Low,Low
Arunachal Pradesh,2021,12,20,1284.37,328.54,25.58,Medium,Medium
Arunachal Pradesh,2022,1,20,2153.28,582.8,27.07,Medium,Low
Arunachal Pradesh,2022,2,20,935.75,235.06,25.12,Medium,Medium
Arunachal Pradesh,2022,3,20,277.38,68.9,24.84,Low,Medium
Arunachal Pradesh,2022,4,20,1152.99,309.9,26.88,Medium,Low
Arunachal Pradesh,2022,5,20,1288.85,334.48,25.95,Medium,Medium
Arunachal Pradesh,2022,6,20,896.88,243.78,27.18,Medium,Low
Arunachal Pradesh,2022,7,20,543.88,146.12,26.87,Low,Low
Arunachal Pradesh,2022,8,20,345.78,90.42,26.15,Low,Medium
Arunachal Pradesh,2022,9,20,623.14,156.62,25.13,Low,Medium
Arunachal Pradesh,2022,10,20,852.65,206.83,24.26,Medium,Medium
Arunachal Pradesh,2022,11,20,668.58,171.55,25.66,Low,Medium
Arunachal Pradesh,2022,12,20,1721.78,471.22,27.37,Medium,Low
Arunachal Pradesh,2023,1,20,982.54,274.02,27.89,Medium,Low
Arunachal Pradesh,2023,2,20,260.98,66.43,25.45,Low,Medium
Arunachal Pradesh,2023,3,20,384.37,96.02,24.98,Low,Medium
Arunachal Pradesh,2023,4,20,939.65,255.89,27.23,Medium,Low
Arunachal Pradesh,2023,5,20,874.35,226.05,25.85,Medium,Medium
Arunachal Pradesh,2023,6,20,292.82,78.93,26.96,Low,Low
Arunachal Pradesh,2023,7,20,1751.93,460.53,26.29,Medium,Medium
Arunachal Pradesh,2023,8,20,1721.09,423.29,24.59,Medium,Medium
Arunachal Pradesh,2023,9,20,1215.96,334.29,27.49,Medium,Low
Arunachal Pradesh,2023,10,20,1214.92,321.34,26.45,Medium,Medium
Arunachal Pradesh,2023,11,20,1215.97,329.74,27.12,Medium,Low
Arunachal Pradesh,2023,12,20,1618.61,417.65,25.8,Medium,Medium
Arunachal Pradesh,2024,1,20,920.62,227.43,24.7,Medium,Medium
Arunachal Pradesh,2024,2,20,654.41,175.02,26.75,Low,Low
Arunachal Pradesh,2024,3,20,1961.19,532.56,27.16,Medium,Low
Arunachal Pradesh,2024,4,20,1250.62,325.41,26.02,Medium,Medium
Arunachal Pradesh,2024,5,20,694.82,192.09,27.65,Low,Low
Arunachal Pradesh,2024,6,20,131.14,31.27,23.84,Low,Medium
Arunachal Pradesh,2024,7,20,1390.41,387.82,27.89,Medium,Low
Arunachal Pradesh,2024,8,20,607.57,149.49,24.6,Low,Medium
Arunachal Pradesh,2024,9,20,1103.32,263.73,23.9,Medium,Medium
Arunachal Pradesh,2024,10,20,1744.07,440.12,25.23,Medium,Medium
Arunachal Pradesh,2024,11,20,2211.74,617.7,27.93,Medium,Low
Arunachal Pradesh,2024,12,20,815.51,208.06,25.51,Medium,Medium
Andaman and Nicobar Islands,2017,1,32,316.65,31.15,9.84,Low,High
Andaman and Nicobar Islands,2017,2,32,591.07,55.55,9.4,Low,High
Andaman and Nicobar Islands,2017,3,32,225.34,21.63,9.6,Low,High
Andaman and Nicobar Islands,2017,4,32,503.92,47.68,9.46,Low,High
Andaman and Nicobar Islands,2017,5,32,799.38,75.26,9.41,Medium,High
Andaman and Nicobar Islands,2017,6,32,1590.95,160.89,10.11,Medium,High
Andaman and Nicobar Islands,2017,7,32,729.35,72.02,9.87,Medium,High
Andaman and Nicobar Islands,2017,8,32,841.0,78.76,9.36,Medium,High
Andaman and Nicobar Islands,2017,9,32,436.62,44.26,10.14,Low,High
Andaman and Nicobar Islands,2017,10,32,789.11,77.73,9.85,Medium,High
Andaman and Nicobar Islands,2017,11,32,1161.78,117.28,10.1,Medium,High
Andaman and Nicobar Islands,2017,12,32,88.28,8.83,10.01,Low,High
Andaman and Nicobar Islands,2018,1,32,290.95,59.22,20.36,Low,High
Andaman and Nicobar Islands,2018,2,32,375.04,87.92,23.44,Low,Medium
Andaman and Nicobar Islands,2018,3,32,589.62,118.84,20.16,Low,High
Andaman and Nicobar Islands,2018,4,32,655.4,130.65,19.94,Low,High
Andaman and Nicobar Islands,2018,5,32,890.79,200.01,22.45,Medium,Medium
Andaman and Nicobar Islands,2018,6,32,510.23,112.58,22.06,Low,Medium
Andaman and Nicobar Islands,2018,7,32,1069.88,234.15,21.89,Medium,Medium
Andaman and Nicobar Islands,2018,8,32,1061.77,232.43,21.89,Medium,Medium
Andaman and Nicobar Islands,2018,9,32,1432.48,303.84,21.21,Medium,High
Andaman and Nicobar Islands,2018,10,32,609.07,123.47,20.27,Low,High
Andaman and Nicobar Islands,2018,11,32,762.69,162.48,21.3,Medium,High
Andaman and Nicobar Islands,2018,12,32,540.87,110.9,20.51,Low,High
Andaman and Nicobar Islands,2019,1,32,2172.04,498.31,22.94,Medium,Medium
Andaman and Nicobar Islands,2019,2,32,985.95,215.16,21.82,Medium,Medium
Andaman and Nicobar Islands,2019,3,32,1500.66,329.81,21.98,Medium,Medium
Andaman and Nicobar Islands,2019,4,32,690.79,144.35,20.9,Low,High
Andaman and Nicobar Islands,2019,5,32,1331.05,292.54,21.98,Medium,Medium
Andaman and Nicobar Islands,2019,6,32,726.96,157.61,21.68,Medium,Medium
Andaman and Nicobar Islands,2019,7,32,750.47,167.76,22.35,Medium,Medium
Andaman and Nicobar Islands,2019,8,32,1318.57,278.07,21.09,Medium,High
Andaman and Nicobar Islands,2019,9,32,271.79,61.34,22.57,Low,Medium
Andaman and Nicobar Islands,2019,10,32,285.68,67.66,23.68,Low,Medium
Andaman and Nicobar Islands,2019,11,32,598.36,130.91,21.88,Low,Medium
Andaman and Nicobar Islands,2019,12,32,934.18,209.64,22.44,Medium,Medium
Andaman and Nicobar Islands,2020,1,32,1534.22,406.58,26.5,Medium,Medium
Andaman and Nicobar Islands,2020,2,32,675.7,192.57,28.5,Low,Low
Andaman and Nicobar Islands,2020,3,32,1110.51,303.1,27.29,Medium,Low
Andaman and Nicobar Islands,2020,4,32,947.25,239.69,25.3,Medium,Medium
Andaman and Nicobar Islands,2020,5,32,956.0,237.9,24.88,Medium,Medium
Andaman and Nicobar Islands,2020,6,32,1348.46,359.99,26.7,Medium,Low
Andaman and Nicobar Islands,2020,7,32,3533.65,859.93,24.34,Medium,Medium
Andaman and Nicobar Islands,2020,8,32,483.67,137.56,28.44,Low,Low
Andaman and Nicobar Islands,2020,9,32,3598.47,992.88,27.59,Medium,Low
Andaman and Nicobar Islands,2020,10,32,464.79,118.26,25.44,Low,Medium
Andaman and Nicobar Islands,2020,11,32,86.4,20.58,23.82,Low,Medium
Andaman and Nicobar Islands,2020,12,32,605.56,168.46,27.82,Low,Low
Andaman and Nicobar Islands,2021,1,32,1012.55,294.24,29.06,Medium,Low
Andaman and Nicobar Islands,2021,2,32,2546.0,729.6,28.66,Medium,Low
Andaman and Nicobar Islands,2021,3,32,1112.48,289.43,26.02,Medium,Medium
Andaman and Nicobar Islands,2021,4,32,1148.78,317.34,27.62,Medium,Low
Andaman and Nicobar Islands,2021,5,32,764.86,208.0,27.19,Medium,Low
Andaman and Nicobar Islands,2021,6,32,1733.09,487.82,28.15,Medium,Low
Andaman and Nicobar Islands,2021,7,32,1214.45,304.51,25.07,Medium,Medium
Andaman and Nicobar Islands,2021,8,32,1610.72,438.89,27.25,Medium,Low
Andaman and Nicobar Islands,2021,9,32,244.01,67.69,27.74,Low,Low
Andaman and Nicobar Islands,2021,10,32,2606.03,626.17,24.03,Medium,Medium
Andaman and Nicobar Islands,2021,11,32,3043.57,754.37,24.79,Medium,Medium
Andaman and Nicobar Islands,2021,12,32,1210.24,286.32,23.66,Medium,Medium
Andaman and Nicobar Islands,2022,1,32,1190.57,311.06,26.13,Medium,Medium
Andaman and Nicobar Islands,2022,2,32,2461.17,634.36,25.77,Medium,Medium
Andaman and Nicobar Islands,2022,3,32,4236.64,1130.97,26.7,High,Low
Andaman and Nicobar Islands,2022,4,32,394.15,100.31,25.45,Low,Medium
Andaman and Nicobar Islands,2022,5,32,259.83,67.81,26.1,Low,Medium
Andaman and Nicobar Islands,2022,6,32,1415.37,357.11,25.23,Medium,Medium
Andaman and Nicobar Islands,2022,7,32,149.75,44.14,29.48,Low,Low
Andaman and Nicobar Islands,2022,8,32,1378.36,370.58,26.89,Medium,Low
Andaman and Nicobar Islands,2022,9,32,1938.76,502.13,25.9,Medium,Medium
Andaman and Nicobar Islands,2022,10,32,642.0,174.15,27.13,Low,Low
Andaman and Nicobar Islands,2022,11,32,1407.45,375.62,26.69,Medium,Low
Andaman and Nicobar Islands,2022,12,32,2863.46,760.02,26.54,Medium,Medium
Andaman and Nicobar Islands,2023,1,32,2438.58,621.82,25.5,Medium,Medium
Andaman and Nicobar Islands,2023,2,32,2679.82,667.97,24.93,Medium,Medium
Andaman and Nicobar Islands,2023,3,32,1257.14,359.21,28.57,Medium,Low
Andaman and Nicobar Islands,2023,4,32,104.67,28.8,27.51,Low,Low
Andaman and Nicobar Islands,2023,5,32,4534.8,1194.49,26.34,High,Medium
Andaman and Nicobar Islands,2023,6,32,1284.61,363.56,28.3,Medium,Low
Andaman and Nicobar Islands,2023,7,32,2377.77,628.99,26.45,Medium,Medium
Andaman and Nicobar Islands,2023,8,32,1977.3,498.6,25.22,Medium,Medium
Andaman and Nicobar Islands,2023,9,32,1417.76,402.05,28.36,Medium,Low
Andaman and Nicobar Islands,2023,10,32,670.24,181.37,27.06,Low,Low
Andaman and Nicobar Islands,2023,11,32,817.11,204.15,24.98,Medium,Medium
Andaman and Nicobar Islands,2023,12,32,397.29,103.69,26.1,Low,Medium
Andaman and Nicobar Islands,2024,1,32,1129.17,305.24,27.03,Medium,Low
Andaman and Nicobar Islands,2024,2,32,647.49,180.71,27.91,Low,Low
Andaman and Nicobar Islands,2024,3,32,635.27,156.62,24.65,Low,Medium
Andaman and Nicobar Islands,2024,4,32,3660.16,1011.29,27.63,Medium,Low
Andaman and Nicobar Islands,2024,5,32,1402.99,364.88,26.01,Medium,Medium
Andaman and Nicobar Islands,2024,6,32,1627.59,450.29,27.67,Medium,Low
Andaman and Nicobar Islands,2024,7,32,2528.7,654.23,25.87,Medium,Medium
Andaman and Nicobar Islands,2024,8,32,1180.4,288.86,24.47,Medium,Medium
Andaman and Nicobar Islands,2024,9,32,2012.36,497.25,24.71,Medium,Medium
Andaman and Nicobar Islands,2024,10,32,1093.45,294.83,26.96,Medium,Low
Andaman and Nicobar Islands,2024,11,32,1501.7,409.19,27.25,Medium,Low
Andaman and Nicobar Islands,2024,12,32,4157.42,1067.74,25.68,High,Medium
Andhra Pradesh,2017,1,56,1558.13,152.53,9.79,Medium,High
Andhra Pradesh,2017,2,56,183.51,17.75,9.67,Low,High
Andhra Pradesh,2017,3,56,567.09,58.5,10.32,Low,High
Andhra Pradesh,2017,4,56,1022.36,100.92,9.87,Medium,High
Andhra Pradesh,2017,5,56,1970.99,195.36,9.91,Medium,High
Andhra Pradesh,2017,6,56,607.6,58.0,9.55,Low,High
Andhra Pradesh,2017,7,56,1448.11,137.71,9.51,Medium,High
Andhra Pradesh,2017,8,56,2546.94,242.88,9.54,Medium,High
Andhra Pradesh,2017,9,56,1495.25,148.62,9.94,Medium,High
Andhra Pradesh,2017,10,56,838.68,80.03,9.54,Medium,High
Andhra Pradesh,2017,11,56,1297.13,128.26,9.89,Medium,High
Andhra Pradesh,2017,12,56,592.74,63.77,10.76,Low,High
Andhra Pradesh,2018,1,56,1670.88,356.35,21.33,Medium,High
Andhra Pradesh,2018,2,56,698.32,145.95,20.9,Low,High
Andhra Pradesh,2018,3,56,96.67,21.98,22.73,Low,Medium
Andhra Pradesh,2018,4,56,367.97,76.88,20.89,Low,High
Andhra Pradesh,2018,5,56,922.15,202.01,21.91,Medium,Medium
Andhra Pradesh,2018,6,56,2674.4,569.84,21.31,Medium,High
Andhra Pradesh,2018,7,56,1627.19,363.7,22.35,Medium,Medium
Andhra Pradesh,2018,8,56,71.82,15.94,22.19,Low,Medium
Andhra Pradesh,2018,9,56,214.82,49.32,22.96,Low,Medium
Andhra Pradesh,2018,10,56,1975.82,420.29,21.27,Medium,High
Andhra Pradesh,2018,11,56,1431.49,308.26,21.53,Medium,High
Andhra Pradesh,2018,12,56,3628.84,753.35,20.76,Medium,High
Andhra Pradesh,2019,1,56,981.37,202.28,20.61,Medium,High
Andhra Pradesh,2019,2,56,1869.41,410.63,21.97,Medium,Medium
Andhra Pradesh,2019,3,56,2597.15,609.8,23.48,Medium,Medium
Andhra Pradesh,2019,4,56,3480.26,797.11,22.9,Medium,Medium
Andhra Pradesh,2019,5,56,724.76,167.92,23.17,Medium,Medium
Andhra Pradesh,2019,6,56,442.07,92.44,20.91,Low,High
Andhra Pradesh,2019,7,56,223.64,45.62,20.4,Low,High
Andhra Pradesh,2019,8,56,3768.22,803.58,21.33,Medium,High
Andhra Pradesh,2019,9,56,1743.9,375.28,21.52,Medium,High
Andhra Pradesh,2019,10,56,504.96,114.29,22.63,Low,Medium
Andhra Pradesh,2019,11,56,1537.72,302.07,19.64,Medium,High
Andhra Pradesh,2019,12,56,2367.93,547.02,23.1,Medium,Medium
Andhra Pradesh,2020,1,56,2164.12,522.49,24.14,Medium,Medium
Andhra Pradesh,2020,2,56,1727.42,441.5,25.56,Medium,Medium
Andhra Pradesh,2020,3,56,988.35,254.59,25.76,Medium,Medium
Andhra Pradesh,2020,4,56,460.65,113.74,24.69,Low,Medium
Andhra Pradesh,2020,5,56,727.44,187.3,25.75,Medium,Medium
Andhra Pradesh,2020,6,56,723.13,177.58,24.56,Medium,Medium
Andhra Pradesh,2020,7,56,1991.4,526.11,26.42,Medium,Medium
Andhra Pradesh,2020,8,56,561.79,142.75,25.41,Low,Medium
Andhra Pradesh,2020,9,56,2350.48,605.37,25.76,Medium,Medium
Andhra Pradesh,2020,10,56,7907.57,2280.64,28.84,High,Low
Andhra Pradesh,2020,11,56,5274.79,1273.47,24.14,High,Medium
Andhra Pradesh,2020,12,56,1976.07,540.09,27.33,Medium,Low
Andhra Pradesh,2021,1,56,79.29,21.0,26.48,Low,Medium
Andhra Pradesh,2021,2,56,5950.1,1624.58,27.3,High,Low
Andhra Pradesh,2021,3,56,258.51,70.64,27.33,Low,Low
Andhra Pradesh,2021,4,56,664.74,194.16,29.21,Low,Low
Andhra Pradesh,2021,5,56,1315.24,337.07,25.63,Medium,Medium
Andhra Pradesh,2021,6,56,4932.01,1287.25,26.1,High,Medium
Andhra Pradesh,2021,7,56,6039.36,1553.44,25.72,High,Medium
Andhra Pradesh,2021,8,56,4302.4,1064.14,24.73,High,Medium
Andhra Pradesh,2021,9,56,916.37,269.12,29.37,Medium,Low
Andhra Pradesh,2021,10,56,1665.28,421.51,25.31,Medium,Medium
Andhra Pradesh,2021,11,56,3682.27,953.17,25.89,Medium,Medium
Andhra Pradesh,2021,12,56,2126.3,611.57,28.76,Medium,Low
Andhra Pradesh,2022,1,56,392.44,102.05,26.0,Low,Medium
Andhra Pradesh,2022,2,56,717.84,168.53,23.48,Medium,Medium
Andhra Pradesh,2022,3,56,7342.7,1928.62,26.27,High,Medium
Andhra Pradesh,2022,4,56,2806.09,789.18,28.12,Medium,Low
Andhra Pradesh,2022,5,56,2218.37,587.37,26.48,Medium,Medium
Andhra Pradesh,2022,6,56,2324.12,580.12,24.96,Medium,Medium
Andhra Pradesh,2022,7,56,5076.46,1331.75,26.23,High,Medium
Andhra Pradesh,2022,8,56,1780.46,491.97,27.63,Medium,Low
Andhra Pradesh,2022,9,56,2289.2,631.08,27.57,Medium,Low
Andhra Pradesh,2022,10,56,663.02,160.97,24.28,Low,Medium
Andhra Pradesh,2022,11,56,4052.4,1062.24,26.21,High,Medium
Andhra Pradesh,2022,12,56,2427.55,615.59,25.36,Medium,Medium
Andhra Pradesh,2023,1,56,6143.33,1672.11,27.22,High,Low
Andhra Pradesh,2023,2,56,2054.46,510.21,24.83,Medium,Medium
Andhra Pradesh,2023,3,56,3553.6,913.07,25.69,Medium,Medium
Andhra Pradesh,2023,4,56,4011.27,1123.89,28.02,High,Low
Andhra Pradesh,2023,5,56,1816.54,452.91,24.93,Medium,Medium
Andhra Pradesh,2023,6,56,1538.65,431.93,28.07,Medium,Low
Andhra Pradesh,2023,7,56,960.85,256.07,26.65,Medium,Medium
Andhra Pradesh,2023,8,56,1498.07,374.75,25.02,Medium,Medium
Andhra Pradesh,2023,9,56,1642.42,436.11,26.55,Medium,Medium
Andhra Pradesh,2023,10,56,5734.18,1547.71,26.99,High,Low
Andhra Pradesh,2023,11,56,2149.2,570.39,26.54,Medium,Medium
Andhra Pradesh,2023,12,56,3822.36,906.6,23.72,Medium,Medium
Andhra Pradesh,2024,1,56,1357.59,358.29,26.39,Medium,Medium
Andhra Pradesh,2024,2,56,2078.01,568.23,27.34,Medium,Low
Andhra Pradesh,2024,3,56,2390.07,632.92,26.48,Medium,Medium
Andhra Pradesh,2024,4,56,3956.91,1047.91,26.48,Medium,Medium
Andhra Pradesh,2024,5,56,3355.05,928.82,27.68,Medium,Low
Andhra Pradesh,2024,6,56,3930.33,1012.5,25.76,Medium,Medium
Andhra Pradesh,2024,7,56,4547.41,1208.28,26.57,High,Medium
Andhra Pradesh,2024,8,56,3545.45,915.88,25.83,Medium,Medium
Andhra Pradesh,2024,9,56,3473.37,898.53,25.87,Medium,Medium
Andhra Pradesh,2024,10,56,2963.14,771.45,26.03,Medium,Medium
Andhra Pradesh,2024,11,56,949.01,253.74,26.74,Medium,Low
Andhra Pradesh,2024,12,56,5212.87,1345.47,25.81,High,Medium
Assam,2017,1,92,2802.96,275.5,9.83,Medium,High
Assam,2017,2,92,548.94,54.34,9.9,Low,High
Assam,2017,3,92,3128.32,292.96,9.36,Medium,High
Assam,2017,4,92,1400.3,134.13,9.58,Medium,High
Assam,2017,5,92,1474.34,140.59,9.54,Medium,High
Assam,2017,6,92,2244.51,216.69,9.65,Medium,High
Assam,2017,7,92,1285.62,128.85,10.02,Medium,High
Assam,2017,8,92,2502.43,254.18,10.16,Medium,High
Assam,2017,9,92,785.11,84.93,10.82,Medium,High
Assam,2017,10,92,3062.4,292.11,9.54,Medium,High
Assam,2017,11,92,836.59,88.13,10.53,Medium,High
Assam,2017,12,92,3139.63,311.84,9.93,Medium,High
Assam,2018,1,92,1668.96,376.88,22.58,Medium,Medium
Assam,2018,2,92,2808.4,641.51,22.84,Medium,Medium
Assam,2018,3,92,1967.96,399.85,20.32,Medium,High
Assam,2018,4,92,2483.92,510.54,20.55,Medium,High
Assam,2018,5,92,1011.06,214.95,21.26,Medium,High
Assam,2018,6,92,1114.47,237.5,21.31,Medium,High
Assam,2018,7,92,1011.39,218.97,21.65,Medium,High
Assam,2018,8,92,3872.77,893.33,23.07,Medium,Medium
Assam,2018,9,92,4428.74,920.06,20.77,High,High
Assam,2018,10,92,1075.18,216.36,20.12,Medium,High
Assam,2018,11,92,1093.37,213.37,19.51,Medium,High
Assam,2018,12,92,2731.52,551.61,20.19,Medium,High
Assam,2019,1,92,1419.55,327.21,23.05,Medium,Medium
Assam,2019,2,92,4564.46,1016.05,22.26,High,Medium
Assam,2019,3,92,947.17,202.51,21.38,Medium,High
Assam,2019,4,92,1723.97,374.43,21.72,Medium,Medium
Assam,2019,5,92,6572.46,1502.55,22.86,High,Medium
Assam,2019,6,92,935.99,193.56,20.68,Medium,High
Assam,2019,7,92,2369.38,520.27,21.96,Medium,Medium
Assam,2019,8,92,4691.62,991.65,21.14,High,High
Assam,2019,9,92,2229.83,481.46,21.59,Medium,High
Assam,2019,10,92,3099.8,711.06,22.94,Medium,Medium
Assam,2019,11,92,2592.3,564.26,21.77,Medium,Medium
Assam,2019,12,92,2107.19,455.38,21.61,Medium,High
Assam,2020,1,92,1044.07,300.86,28.82,Medium,Low
Assam,2020,2,92,6483.3,1726.92,26.64,High,Medium
Assam,2020,3,92,2980.84,774.49,25.98,Medium,Medium
Assam,2020,4,92,4507.49,1317.89,29.24,High,Low
Assam,2020,5,92,3546.21,879.08,24.79,Medium,Medium
Assam,2020,6,92,4708.25,1119.91,23.79,High,Medium
Assam,2020,7,92,2646.41,722.79,27.31,Medium,Low
Assam,2020,8,92,4425.19,1152.91,26.05,High,Medium
Assam,2020,9,92,4228.66,1072.37,25.36,High,Medium
Assam,2020,10,92,2101.06,581.38,27.67,Medium,Low
Assam,2020,11,92,2394.24,647.64,27.05,Medium,Low
Assam,2020,12,92,5050.24,1311.57,25.97,High,Medium
Assam,2021,1,92,1085.09,307.78,28.36,Medium,Low
Assam,2021,2,92,6653.46,1880.16,28.26,High,Low
Assam,2021,3,92,5761.71,1570.1,27.25,High,Low
Assam,2021,4,92,3346.24,844.14,25.23,Medium,Medium
Assam,2021,5,92,2004.2,531.73,26.53,Medium,Medium
Assam,2021,6,92,2982.39,808.1,27.1,Medium,Low
Assam,2021,7,92,4695.81,1201.65,25.59,High,Medium
Assam,2021,8,92,1121.61,278.05,24.79,Medium,Medium
Assam,2021,9,92,9357.43,2449.47,26.18,High,Medium
Assam,2021,10,92,4664.77,1194.73,25.61,High,Medium
Assam,2021,11,92,5053.62,1343.15,26.58,High,Medium
Assam,2021,12,92,5733.18,1403.52,24.48,High,Medium
Assam,2022,1,92,8137.26,2170.11,26.67,High,Low
Assam,2022,2,92,3746.92,954.19,25.47,Medium,Medium
Assam,2022,3,92,726.55,193.87,26.68,Medium,Low
Assam,2022,4,92,3726.88,979.22,26.27,Medium,Medium
Assam,2022,5,92,283.34,75.14,26.52,Low,Medium
Assam,2022,6,92,9415.13,2485.09,26.39,High,Medium
Assam,2022,7,92,7395.06,1897.46,25.66,High,Medium
Assam,2022,8,92,2285.07,614.53,26.89,Medium,Low
Assam,2022,9,92,5211.89,1314.33,25.22,High,Medium
Assam,2022,10,92,5394.28,1507.69,27.95,High,Low
Assam,2022,11,92,1862.67,511.55,27.46,Medium,Low
Assam,2022,12,92,4535.32,1178.09,25.98,High,Medium
Assam,2023,1,92,2147.41,554.27,25.81,Medium,Medium
Assam,2023,2,92,7812.71,1959.95,25.09,High,Medium
Assam,2023,3,92,5886.65,1515.87,25.75,High,Medium
Assam,2023,4,92,3242.17,884.11,27.27,Medium,Low
Assam,2023,5,92,1789.8,500.15,27.94,Medium,Low
Assam,2023,6,92,5778.95,1755.2,30.37,High,Low
Assam,2023,7,92,4884.14,1285.66,26.32,High,Medium
Assam,2023,8,92,7453.98,1879.65,25.22,High,Medium
Assam,2023,9,92,3595.52,986.87,27.45,Medium,Low
Assam,2023,10,92,9406.67,2347.84,24.96,High,Medium
Assam,2023,11,92,3596.34,978.11,27.2,Medium,Low
Assam,2023,12,92,1782.35,459.61,25.79,Medium,Medium
Assam,2024,1,92,4448.68,1278.3,28.73,High,Low
Assam,2024,2,92,3085.56,846.04,27.42,Medium,Low
Assam,2024,3,92,699.3,181.52,25.96,Low,Medium
Assam,2024,4,92,2542.79,694.56,27.31,Medium,Low
Assam,2024,5,92,10550.06,2794.49,26.49,High,Medium
Assam,2024,6,92,4490.83,1107.5,24.66,High,Medium
Assam,2024,7,92,7775.12,2084.65,26.81,High,Low
Assam,2024,8,92,7925.81,2113.73,26.67,High,Low
Assam,2024,9,92,3680.51,1041.86,28.31,Medium,Low
Assam,2024,10,92,6049.7,1444.46,23.88,High,Medium
Assam,2024,11,92,790.75,215.05,27.2,Medium,Low
Assam,2024,12,92,9993.91,2531.11,25.33,High,Medium
Bihar,2017,1,85,2542.99,270.2,10.63,Medium,High
Bihar,2017,2,85,591.59,57.98,9.8,Low,High
Bihar,2017,3,85,4402.58,451.3,10.25,High,High
Bihar,2017,4,85,1933.18,183.26,9.48,Medium,High
Bihar,2017,5,85,2841.13,278.67,9.81,Medium,High
Bihar,2017,6,85,2126.88,201.38,9.47,Medium,High
Bihar,2017,7,85,599.67,56.13,9.36,Low,High
Bihar,2017,8,85,429.0,41.39,9.65,Low,High
Bihar,2017,9,85,1411.02,131.15,9.29,Medium,High
Bihar,2017,10,85,1510.94,144.49,9.56,Medium,High
Bihar,2017,11,85,1510.16,137.84,9.13,Medium,High
Bihar,2017,12,85,1545.95,147.4,9.53,Medium,High
Bihar,2018,1,85,1404.51,294.97,21.0,Medium,High
Bihar,2018,2,85,1911.96,393.66,20.59,Medium,High
Bihar,2018,3,85,1307.48,276.31,21.13,Medium,High
Bihar,2018,4,85,3687.2,784.27,21.27,Medium,High
Bihar,2018,5,85,905.67,195.04,21.54,Medium,High
Bihar,2018,6,85,2151.07,428.67,19.93,Medium,High
Bihar,2018,7,85,395.76,86.14,21.77,Low,Medium
Bihar,2018,8,85,597.03,118.9,19.91,Low,High
Bihar,2018,9,85,3373.06,768.38,22.78,Medium,Medium
Bihar,2018,10,85,1857.09,376.05,20.25,Medium,High
Bihar,2018,11,85,1451.13,310.17,21.37,Medium,High
Bihar,2018,12,85,4303.21,951.9,22.12,High,Medium
Bihar,2019,1,85,1508.58,313.7,20.79,Medium,High
Bihar,2019,2,85,5249.97,1178.95,22.46,High,Medium
Bihar,2019,3,85,2574.19,553.14,21.49,Medium,High
Bihar,2019,4,85,4123.9,968.31,23.48,High,Medium
Bihar,2019,5,85,588.42,141.07,23.98,Low,Medium
Bihar,2019,6,85,1452.8,287.12,19.76,Medium,High
Bihar,2019,7,85,4595.98,988.45,21.51,High,High
Bihar,2019,8,85,1609.9,359.54,22.33,Medium,Medium
Bihar,2019,9,85,1868.93,439.59,23.52,Medium,Medium
Bihar,2019,10,85,5195.03,1130.52,21.76,High,Medium
Bihar,2019,11,85,880.73,195.92,22.25,Medium,Medium
Bihar,2019,12,85,1075.11,225.55,20.98,Medium,High
Bihar,2020,1,85,533.32,131.81,24.71,Low,Medium
Bihar,2020,2,85,4882.5,1270.03,26.01,High,Medium
Bihar,2020,3,85,10468.63,2585.02,24.69,High,Medium
Bihar,2020,4,85,3711.08,988.67,26.64,Medium,Medium
Bihar,2020,5,85,4393.68,1169.05,26.61,High,Medium
Bihar,2020,6,85,4135.4,1055.41,25.52,High,Medium
Bihar,2020,7,85,2983.26,822.19,27.56,Medium,Low
Bihar,2020,8,85,1262.67,369.93,29.3,Medium,Low
Bihar,2020,9,85,1929.11,523.16,27.12,Medium,Low
Bihar,2020,10,85,998.62,269.99,27.04,Medium,Low
Bihar,2020,11,85,883.88,225.96,25.56,Medium,Medium
Bihar,2020,12,85,4577.17,1313.42,28.7,High,Low
Bihar,2021,1,85,3631.74,1040.03,28.64,Medium,Low
Bihar,2021,2,85,4237.41,1124.66,26.54,High,Medium
Bihar,2021,3,85,2707.29,674.46,24.91,Medium,Medium
Bihar,2021,4,85,3999.22,1016.01,25.41,High,Medium
Bihar,2021,5,85,3973.98,1051.1,26.45,Medium,Medium
Bihar,2021,6,85,999.53,274.34,27.45,Medium,Low
Bihar,2021,7,85,11784.38,3295.21,27.96,High,Low
Bihar,2021,8,85,1204.86,287.67,23.88,Medium,Medium
Bihar,2021,9,85,2132.15,558.82,26.21,Medium,Medium
Bihar,2021,10,85,3036.95,842.77,27.75,Medium,Low
Bihar,2021,11,85,8902.23,2108.39,23.68,High,Medium
Bihar,2021,12,85,1858.28,488.17,26.27,Medium,Medium
Bihar,2022,1,85,3790.14,981.84,25.91,Medium,Medium
Bihar,2022,2,85,1889.48,497.18,26.31,Medium,Medium
Bihar,2022,3,85,10943.88,3053.84,27.9,High,Low
Bihar,2022,4,85,5727.25,1437.44,25.1,High,Medium
Bihar,2022,5,85,10880.15,3005.66,27.63,High,Low
Bihar,2022,6,85,2329.83,595.32,25.55,Medium,Medium
Bihar,2022,7,85,1525.84,374.81,24.56,Medium,Medium
Bihar,2022,8,85,3897.38,941.99,24.17,Medium,Medium
Bihar,2022,9,85,1952.4,512.11,26.23,Medium,Medium
Bihar,2022,10,85,4526.07,1098.3,24.27,High,Medium
Bihar,2022,11,85,812.92,207.56,25.53,Medium,Medium
Bihar,2022,12,85,433.68,119.02,27.44,Low,Low
Bihar,2023,1,85,2776.06,661.86,23.84,Medium,Medium
Bihar,2023,2,85,7488.29,2015.74,26.92,High,Low
Bihar,2023,3,85,5511.39,1367.02,24.8,High,Medium
Bihar,2023,4,85,2753.63,645.06,23.43,Medium,Medium
Bihar,2023,5,85,8053.05,2155.14,26.76,High,Low
Bihar,2023,6,85,3960.68,1169.35,29.52,Medium,Low
Bihar,2023,7,85,4111.52,1079.02,26.24,High,Medium
Bihar,2023,8,85,2770.61,757.82,27.35,Medium,Low
Bihar,2023,9,85,5884.61,1551.13,26.36,High,Medium
Bihar,2023,10,85,6895.52,1801.24,26.12,High,Medium
Bihar,2023,11,85,1800.6,494.41,27.46,Medium,Low
Bihar,2023,12,85,1005.1,260.03,25.87,Medium,Medium
Bihar,2024,1,85,6134.8,1628.56,26.55,High,Medium
Bihar,2024,2,85,6379.37,1733.42,27.17,High,Low
Bihar,2024,3,85,4371.09,1153.0,26.38,High,Medium
Bihar,2024,4,85,2618.13,709.91,27.12,Medium,Low
Bihar,2024,5,85,5131.73,1362.81,26.56,High,Medium
Bihar,2024,6,85,4985.94,1189.47,23.86,High,Medium
Bihar,2024,7,85,4924.61,1242.38,25.23,High,Medium
Bihar,2024,8,85,8920.88,2344.45,26.28,High,Medium
Bihar,2024,9,85,5061.7,1258.85,24.87,High,Medium
Bihar,2024,10,85,1452.06,395.91,27.27,Medium,Low
Bihar,2024,11,85,3004.14,856.1,28.5,Medium,Low
Bihar,2024,12,85,4328.64,1215.67,28.08,High,Low
Chandigarh,2017,1,37,716.67,73.84,10.3,Medium,High
Chandigarh,2017,2,37,951.16,94.28,9.91,Medium,High
Chandigarh,2017,3,37,646.46,63.61,9.84,Low,High
Chandigarh,2017,4,37,506.44,49.29,9.73,Low,High
Chandigarh,2017,5,37,665.63,66.02,9.92,Low,High
Chandigarh,2017,6,37,959.63,99.37,10.35,Medium,High
Chandigarh,2017,7,37,851.53,81.16,9.53,Medium,High
Chandigarh,2017,8,37,1640.09,163.69,9.98,Medium,High
Chandigarh,2017,9,37,199.15,18.66,9.37,Low,High
Chandigarh,2017,10,37,230.16,21.71,9.43,Low,High
Chandigarh,2017,11,37,710.04,70.37,9.91,Medium,High
Chandigarh,2017,12,37,1257.97,112.63,8.95,Medium,High
Chandigarh,2018,1,37,1737.75,360.25,20.73,Medium,High
Chandigarh,2018,2,37,473.11,102.54,21.67,Low,High
Chandigarh,2018,3,37,211.33,46.99,22.23,Low,Medium
Chandigarh,2018,4,37,421.37,87.2,20.69,Low,High
Chandigarh,2018,5,37,1448.91,312.36,21.56,Medium,High
Chandigarh,2018,6,37,1269.64,255.26,20.11,Medium,High
Chandigarh,2018,7,37,409.06,87.73,21.45,Low,High
Chandigarh,2018,8,37,273.58,58.75,21.47,Low,High
Chandigarh,2018,9,37,986.41,229.04,23.22,Medium,Medium
Chandigarh,2018,10,37,784.04,165.7,21.13,Medium,High
Chandigarh,2018,11,37,322.66,69.29,21.47,Low,High
Chandigarh,2018,12,37,1824.15,394.6,21.63,Medium,High
Chandigarh,2019,1,37,727.52,178.28,24.5,Medium,Medium
Chandigarh,2019,2,37,293.56,69.63,23.72,Low,Medium
Chandigarh,2019,3,37,444.91,107.23,24.1,Low,Medium
Chandigarh,2019,4,37,411.17,94.3,22.94,Low,Medium
Chandigarh,2019,5,37,1561.98,355.62,22.77,Medium,Medium
Chandigarh,2019,6,37,2358.2,499.16,21.17,Medium,High
Chandigarh,2019,7,37,1763.82,397.0,22.51,Medium,Medium
Chandigarh,2019,8,37,2102.78,477.89,22.73,Medium,Medium
Chandigarh,2019,9,37,551.24,120.6,21.88,Low,Medium
Chandigarh,2019,10,37,815.2,174.89,21.45,Medium,High
Chandigarh,2019,11,37,865.7,179.15,20.69,Medium,High
Chandigarh,2019,12,37,1477.71,298.35,20.19,Medium,High
Chandigarh,2020,1,37,178.45,44.77,25.09,Low,Medium
Chandigarh,2020,2,37,1218.03,316.37,25.97,Medium,Medium
Chandigarh,2020,3,37,1163.28,279.18,24.0,Medium,Medium
Chandigarh,2020,4,37,2652.77,704.98,26.58,Medium,Medium
Chandigarh,2020,5,37,890.66,239.34,26.87,Medium,Low
Chandigarh,2020,6,37,1273.01,368.12,28.92,Medium,Low
Chandigarh,2020,7,37,1794.95,490.54,27.33,Medium,Low
Chandigarh,2020,8,37,2078.77,487.92,23.47,Medium,Medium
Chandigarh,2020,9,37,2447.16,637.14,26.04,Medium,Medium
Chandigarh,2020,10,37,1666.54,471.35,28.28,Medium,Low
Chandigarh,2020,11,37,427.64,114.36,26.74,Low,Low
Chandigarh,2020,12,37,1951.02,514.3,26.36,Medium,Medium
Chandigarh,2021,1,37,2805.71,726.48,25.89,Medium,Medium
Chandigarh,2021,2,37,1343.75,341.18,25.39,Medium,Medium
Chandigarh,2021,3,37,479.4,113.62,23.7,Low,Medium
Chandigarh,2021,4,37,1269.0,345.82,27.25,Medium,Low
Chandigarh,2021,5,37,712.35,191.77,26.92,Medium,Low
Chandigarh,2021,6,37,4393.58,1064.27,24.22,High,Medium
Chandigarh,2021,7,37,2005.3,569.51,28.4,Medium,Low
Chandigarh,2021,8,37,3361.52,964.65,28.7,Medium,Low
Chandigarh,2021,9,37,896.48,228.4,25.48,Medium,Medium
Chandigarh,2021,10,37,759.76,212.85,28.02,Medium,Low
Chandigarh,2021,11,37,2384.46,613.13,25.71,Medium,Medium
Chandigarh,2021,12,37,686.53,183.38,26.71,Low,Low
Chandigarh,2022,1,37,627.91,148.39,23.63,Low,Medium
Chandigarh,2022,2,37,811.81,216.68,26.69,Medium,Low
Chandigarh,2022,3,37,1497.12,363.58,24.29,Medium,Medium
Chandigarh,2022,4,37,4684.02,1232.49,26.31,High,Medium
Chandigarh,2022,5,37,2940.4,788.52,26.82,Medium,Low
Chandigarh,2022,6,37,2255.3,642.57,28.49,Medium,Low
Chandigarh,2022,7,37,821.46,202.59,24.66,Medium,Medium
Chandigarh,2022,8,37,1137.78,291.38,25.61,Medium,Medium
Chandigarh,2022,9,37,896.3,236.68,26.41,Medium,Medium
Chandigarh,2022,10,37,1393.19,383.97,27.56,Medium,Low
Chandigarh,2022,11,37,3432.85,881.17,25.67,Medium,Medium
Chandigarh,2022,12,37,704.61,194.66,27.63,Low,Low
Chandigarh,2023,1,37,254.24,69.9,27.49,Low,Low
Chandigarh,2023,2,37,1358.72,381.86,28.1,Medium,Low
Chandigarh,2023,3,37,731.78,192.8,26.35,Medium,Medium
Chandigarh,2023,4,37,2267.14,594.23,26.21,Medium,Medium
Chandigarh,2023,5,37,1386.39,351.0,25.32,Medium,Medium
Chandigarh,2023,6,37,414.58,105.24,25.39,Low,Medium
Chandigarh,2023,7,37,2959.15,774.71,26.18,Medium,Medium
Chandigarh,2023,8,37,1306.59,352.34,26.97,Medium,Low
Chandigarh,2023,9,37,1993.59,552.02,27.69,Medium,Low
Chandigarh,2023,10,37,6307.17,1603.07,25.42,High,Medium
Chandigarh,2023,11,37,1226.7,349.07,28.46,Medium,Low
Chandigarh,2023,12,37,2869.36,749.51,26.12,Medium,Medium
Chandigarh,2024,1,37,2187.55,555.66,25.4,Medium,Medium
Chandigarh,2024,2,37,1169.23,295.83,25.3,Medium,Medium
Chandigarh,2024,3,37,116.41,31.01,26.63,Low,Medium
Chandigarh,2024,4,37,4121.31,1149.19,27.88,High,Low
Chandigarh,2024,5,37,2341.58,586.1,25.03,Medium,Medium
Chandigarh,2024,6,37,3236.7,856.14,26.45,Medium,Medium
Chandigarh,2024,7,37,472.18,127.18,26.94,Low,Low
Chandigarh,2024,8,37,1431.53,390.57,27.28,Medium,Low
Chandigarh,2024,9,37,3892.34,1035.45,26.6,Medium,Medium
Chandigarh,2024,10,37,687.52,177.97,25.89,Low,Medium
Chandigarh,2024,11,37,3128.39,790.81,25.28,Medium,Medium
Chandigarh,2024,12,37,2163.31,572.91,26.48,Medium,Medium
Chhattisgarh,2017,1,69,366.53,33.14,9.04,Low,High
Chhattisgarh,2017,2,69,1335.19,130.57,9.78,Medium,High
Chhattisgarh,2017,3,69,1818.41,171.8,9.45,Medium,High
Chhattisgarh,2017,4,69,1512.19,148.95,9.85,Medium,High
Chhattisgarh,2017,5,69,3479.5,356.34,10.24,Medium,High
Chhattisgarh,2017,6,69,838.22,78.22,9.33,Medium,High
Chhattisgarh,2017,7,69,2410.99,236.43,9.81,Medium,High
Chhattisgarh,2017,8,69,560.6,57.84,10.32,Low,High
Chhattisgarh,2017,9,69,484.47,48.72,10.06,Low,High
Chhattisgarh,2017,10,69,1064.17,111.22,10.45,Medium,High
Chhattisgarh,2017,11,69,2771.93,264.17,9.53,Medium,High
Chhattisgarh,2017,12,69,766.17,68.27,8.91,Medium,High
Chhattisgarh,2018,1,69,1353.43,304.61,22.51,Medium,Medium
Chhattisgarh,2018,2,69,3798.83,809.17,21.3,Medium,High
Chhattisgarh,2018,3,69,2432.78,510.26,20.97,Medium,High
Chhattisgarh,2018,4,69,1225.34,272.38,22.23,Medium,Medium
Chhattisgarh,2018,5,69,2113.02,476.01,22.53,Medium,Medium
Chhattisgarh,2018,6,69,674.32,133.33,19.77,Low,High
Chhattisgarh,2018,7,69,2359.72,489.72,20.75,Medium,High
Chhattisgarh,2018,8,69,886.83,186.73,21.06,Medium,High
Chhattisgarh,2018,9,69,836.04,173.41,20.74,Medium,High
Chhattisgarh,2018,10,69,497.37,113.93,22.91,Low,Medium
Chhattisgarh,2018,11,69,1588.03,337.57,21.26,Medium,High
Chhattisgarh,2018,12,69,1185.08,239.09,20.18,Medium,High
Chhattisgarh,2019,1,69,2073.32,486.21,23.45,Medium,Medium
Chhattisgarh,2019,2,69,1532.93,332.35,21.68,Medium,Medium
Chhattisgarh,2019,3,69,3247.58,751.1,23.13,Medium,Medium
Chhattisgarh,2019,4,69,3246.68,708.89,21.83,Medium,Medium
Chhattisgarh,2019,5,69,1229.45,269.75,21.94,Medium,Medium
Chhattisgarh,2019,6,69,3209.06,712.37,22.2,Medium,Medium
Chhattisgarh,2019,7,69,1325.36,277.42,20.93,Medium,High
Chhattisgarh,2019,8,69,2432.04,561.67,23.09,Medium,Medium
Chhattisgarh,2019,9,69,2004.91,412.43,20.57,Medium,High
Chhattisgarh,2019,10,69,979.73,209.22,21.35,Medium,High
Chhattisgarh,2019,11,69,596.53,133.41,22.36,Low,Medium
Chhattisgarh,2019,12,69,3062.68,650.46,21.24,Medium,High
Chhattisgarh,2020,1,69,2712.19,705.07,26.0,Medium,Medium
Chhattisgarh,2020,2,69,1725.0,445.48,25.82,Medium,Medium
Chhattisgarh,2020,3,69,5293.88,1411.62,26.67,High,Low
Chhattisgarh,2020,4,69,2276.6,581.59,25.55,Medium,Medium
Chhattisgarh,2020,5,69,1794.76,486.28,27.09,Medium,Low
Chhattisgarh,2020,6,69,2469.92,651.33,26.37,Medium,Medium
Chhattisgarh,2020,7,69,3335.85,884.95,26.53,Medium,Medium
Chhattisgarh,2020,8,69,2532.67,690.78,27.27,Medium,Low
Chhattisgarh,2020,9,69,5187.89,1319.11,25.43,High,Medium
Chhattisgarh,2020,10,69,3330.59,898.44,26.98,Medium,Low
Chhattisgarh,2020,11,69,1425.0,364.94,25.61,Medium,Medium
Chhattisgarh,2020,12,69,1002.63,266.28,26.56,Medium,Medium
Chhattisgarh,2021,1,69,1565.68,416.61,26.61,Medium,Medium
Chhattisgarh,2021,2,69,2264.26,603.29,26.64,Medium,Medium
Chhattisgarh,2021,3,69,2038.0,553.1,27.14,Medium,Low
Chhattisgarh,2021,4,69,4753.2,1290.71,27.15,High,Low
Chhattisgarh,2021,5,69,535.34,159.69,29.83,Low,Low
Chhattisgarh,2021,6,69,5226.97,1250.07,23.92,High,Medium
Chhattisgarh,2021,7,69,8108.9,2058.94,25.39,High,Medium
Chhattisgarh,2021,8,69,2493.09,703.89,28.23,Medium,Low
Chhattisgarh,2021,9,69,2367.5,611.59,25.83,Medium,Medium
Chhattisgarh,2021,10,69,2855.7,784.18,27.46,Medium,Low
Chhattisgarh,2021,11,69,5945.42,1581.36,26.6,High,Medium
Chhattisgarh,2021,12,69,1190.57,346.02,29.06,Medium,Low
Chhattisgarh,2022,1,69,1153.56,302.81,26.25,Medium,Medium
Chhattisgarh,2022,2,69,9193.83,2315.11,25.18,High,Medium
Chhattisgarh,2022,3,69,5393.75,1374.2,25.48,High,Medium
Chhattisgarh,2022,4,69,2617.94,683.01,26.09,Medium,Medium
Chhattisgarh,2022,5,69,1526.02,402.39,26.37,Medium,Medium
Chhattisgarh,2022,6,69,3501.73,973.1,27.79,Medium,Low
Chhattisgarh,2022,7,69,4752.57,1216.59,25.6,High,Medium
Chhattisgarh,2022,8,69,1884.21,508.6,26.99,Medium,Low
Chhattisgarh,2022,9,69,3692.81,1106.33,29.96,Medium,Low
Chhattisgarh,2022,10,69,1903.19,511.14,26.86,Medium,Low
Chhattisgarh,2022,11,69,3097.15,809.04,26.12,Medium,Medium
Chhattisgarh,2022,12,69,823.52,208.62,25.33,Medium,Medium
Chhattisgarh,2023,1,69,2831.42,677.19,23.92,Medium,Medium
Chhattisgarh,2023,2,69,2553.08,659.63,25.84,Medium,Medium
Chhattisgarh,2023,3,69,1656.92,439.38,26.52,Medium,Medium
Chhattisgarh,2023,4,69,3151.43,802.91,25.48,Medium,Medium
Chhattisgarh,2023,5,69,1802.54,479.92,26.62,Medium,Medium
Chhattisgarh,2023,6,69,746.91,200.95,26.9,Medium,Low
Chhattisgarh,2023,7,69,4036.21,1069.56,26.5,High,Medium
Chhattisgarh,2023,8,69,4784.85,1240.68,25.93,High,Medium
Chhattisgarh,2023,9,69,2215.68,598.82,27.03,Medium,Low
Chhattisgarh,2023,10,69,3694.4,1011.99,27.39,Medium,Low
Chhattisgarh,2023,11,69,9386.78,2378.54,25.34,High,Medium
Chhattisgarh,2023,12,69,6172.27,1770.89,28.69,High,Low
Chhattisgarh,2024,1,69,3461.74,854.43,24.68,Medium,Medium
Chhattisgarh,2024,2,69,3795.03,1041.92,27.45,Medium,Low
Chhattisgarh,2024,3,69,7236.8,1994.59,27.56,High,Low
Chhattisgarh,2024,4,69,4635.17,1175.87,25.37,High,Medium
Chhattisgarh,2024,5,69,1308.84,367.47,28.08,Medium,Low
Chhattisgarh,2024,6,69,4063.56,1053.29,25.92,High,Medium
Chhattisgarh,2024,7,69,3379.98,900.0,26.63,Medium,Medium
Chhattisgarh,2024,8,69,508.22,135.14,26.59,Low,Medium
Chhattisgarh,2024,9,69,4222.65,1100.94,26.07,High,Medium
Chhattisgarh,2024,10,69,1483.0,405.05,27.31,Medium,Low
Chhattisgarh,2024,11,69,7310.46,1995.02,27.29,High,Low
Chhattisgarh,2024,12,69,5119.31,1226.26,23.95,High,Medium
Daman and Diu,2017,1,17,796.23,81.6,10.25,Medium,High
Daman and Diu,2017,2,17,61.97,6.22,10.04,Low,High
Daman and Diu,2017,3,17,123.54,12.1,9.8,Low,High
Daman and Diu,2017,4,17,238.1,23.77,9.98,Low,High
Daman and Diu,2017,5,17,259.95,26.62,10.24,Low,High
Daman and Diu,2017,6,17,577.86,54.81,9.48,Low,High
Daman and Diu,2017,7,17,798.99,78.73,9.85,Medium,High
Daman and Diu,2017,8,17,839.12,76.61,9.13,Medium,High
Daman and Diu,2017,9,17,60.23,5.94,9.86,Low,High
Daman and Diu,2017,10,17,165.54,16.53,9.99,Low,High
Daman and Diu,2017,11,17,202.56,20.56,10.15,Low,High
Daman and Diu,2017,12,17,164.94,16.75,10.16,Low,High
Daman and Diu,2018,1,17,576.98,117.53,20.37,Low,High
Daman and Diu,2018,2,17,282.65,61.23,21.66,Low,High
Daman and Diu,2018,3,17,426.95,95.26,22.31,Low,Medium
Daman and Diu,2018,4,17,101.78,23.86,23.44,Low,Medium
Daman and Diu,2018,5,17,342.83,77.32,22.56,Low,Medium
Daman and Diu,2018,6,17,485.9,101.42,20.87,Low,High
Daman and Diu,2018,7,17,442.9,88.53,19.99,Low,High
Daman and Diu,2018,8,17,155.44,33.14,21.32,Low,High
Daman and Diu,2018,9,17,182.06,37.77,20.75,Low,High
Daman and Diu,2018,10,17,35.95,7.09,19.72,Low,High
Daman and Diu,2018,11,17,522.27,112.86,21.61,Low,High
Daman and Diu,2018,12,17,1113.33,240.87,21.64,Medium,High
Daman and Diu,2019,1,17,1096.68,235.74,21.5,Medium,High
Daman and Diu,2019,2,17,446.28,100.54,22.53,Low,Medium
Daman and Diu,2019,3,17,257.63,53.85,20.9,Low,High
Daman and Diu,2019,4,17,554.39,120.3,21.7,Low,Medium
Daman and Diu,2019,5,17,262.55,59.98,22.84,Low,Medium
Daman and Diu,2019,6,17,468.76,105.46,22.5,Low,Medium
Daman and Diu,2019,7,17,346.75,72.96,21.04,Low,High
Daman and Diu,2019,8,17,56.54,11.94,21.11,Low,High
Daman and Diu,2019,9,17,826.71,184.57,22.33,Medium,Medium
Daman and Diu,2019,10,17,214.94,51.02,23.74,Low,Medium
Daman and Diu,2019,11,17,882.26,189.36,21.46,Medium,High
Daman and Diu,2019,12,17,731.21,170.66,23.34,Medium,Medium
Daman and Diu,2020,1,17,410.29,115.22,28.08,Low,Low
Daman and Diu,2020,2,17,255.24,65.24,25.56,Low,Medium
Daman and Diu,2020,3,17,671.67,178.82,26.62,Low,Medium
Daman and Diu,2020,4,17,293.07,71.71,24.47,Low,Medium
Daman and Diu,2020,5,17,909.65,222.68,24.48,Medium,Medium
Daman and Diu,2020,6,17,962.95,254.22,26.4,Medium,Medium
Daman and Diu,2020,7,17,722.83,187.39,25.92,Medium,Medium
Daman and Diu,2020,8,17,832.8,223.17,26.8,Medium,Low
Daman and Diu,2020,9,17,724.36,191.78,26.48,Medium,Medium
Daman and Diu,2020,10,17,874.4,233.42,26.7,Medium,Low
Daman and Diu,2020,11,17,848.77,233.12,27.47,Medium,Low
Daman and Diu,2020,12,17,645.83,168.16,26.04,Low,Medium
Daman and Diu,2021,1,17,601.78,157.79,26.22,Low,Medium
Daman and Diu,2021,2,17,1148.77,290.76,25.31,Medium,Medium
Daman and Diu,2021,3,17,1373.67,370.83,27.0,Medium,Low
Daman and Diu,2021,4,17,143.46,35.41,24.69,Low,Medium
Daman and Diu,2021,5,17,371.27,98.63,26.57,Low,Medium
Daman and Diu,2021,6,17,1283.13,341.36,26.6,Medium,Medium
Daman and Diu,2021,7,17,614.53,167.91,27.32,Low,Low
Daman and Diu,2021,8,17,1130.74,333.89,29.53,Medium,Low
Daman and Diu,2021,9,17,225.43,59.64,26.46,Low,Medium
Daman and Diu,2021,10,17,1768.92,447.32,25.29,Medium,Medium
Daman and Diu,2021,11,17,208.03,53.91,25.91,Low,Medium
Daman and Diu,2021,12,17,823.87,194.87,23.65,Medium,Medium
Daman and Diu,2022,1,17,481.2,128.49,26.7,Low,Low
Daman and Diu,2022,2,17,622.83,162.29,26.06,Low,Medium
Daman and Diu,2022,3,17,425.49,112.92,26.54,Low,Medium
Daman and Diu,2022,4,17,1866.81,474.7,25.43,Medium,Medium
Daman and Diu,2022,5,17,667.78,153.57,23.0,Low,Medium
Daman and Diu,2022,6,17,979.66,254.86,26.02,Medium,Medium
Daman and Diu,2022,7,17,1554.22,436.03,28.05,Medium,Low
Daman and Diu,2022,8,17,407.06,111.55,27.4,Low,Low
Daman and Diu,2022,9,17,241.89,66.41,27.46,Low,Low
Daman and Diu,2022,10,17,426.82,118.7,27.81,Low,Low
Daman and Diu,2022,11,17,1060.11,278.89,26.31,Medium,Medium
Daman and Diu,2022,12,17,1007.94,266.6,26.45,Medium,Medium
Daman and Diu,2023,1,17,609.86,148.45,24.34,Low,Medium
Daman and Diu,2023,2,17,795.54,218.54,27.47,Medium,Low
Daman and Diu,2023,3,17,920.04,247.38,26.89,Medium,Low
Daman and Diu,2023,4,17,708.9,178.65,25.2,Medium,Medium
Daman and Diu,2023,5,17,253.39,63.97,25.24,Low,Medium
Daman and Diu,2023,6,17,69.31,19.32,27.88,Low,Low
Daman and Diu,2023,7,17,673.5,167.18,24.82,Low,Medium
Daman and Diu,2023,8,17,913.89,261.0,28.56,Medium,Low
Daman and Diu,2023,9,17,1309.5,330.04,25.2,Medium,Medium
Daman and Diu,2023,10,17,1285.08,349.98,27.23,Medium,Low
Daman and Diu,2023,11,17,2095.29,543.9,25.96,Medium,Medium
Daman and Diu,2023,12,17,967.92,263.16,27.19,Medium,Low
Daman and Diu,2024,1,17,429.46,119.07,27.72,Low,Low
Daman and Diu,2024,2,17,594.6,164.2,27.62,Low,Low
Daman and Diu,2024,3,17,1143.44,301.26,26.35,Medium,Medium
Daman and Diu,2024,4,17,441.53,115.03,26.05,Low,Medium
Daman and Diu,2024,5,17,563.52,151.92,26.96,Low,Low
Daman and Diu,2024,6,17,277.71,80.26,28.9,Low,Low
Daman and Diu,2024,7,17,2891.18,727.42,25.16,Medium,Medium
Daman and Diu,2024,8,17,1176.3,292.35,24.85,Medium,Medium
Daman and Diu,2024,9,17,688.19,186.11,27.04,Low,Low
Daman and Diu,2024,10,17,1005.38,270.35,26.89,Medium,Low
Daman and Diu,2024,11,17,1124.63,304.26,27.05,Medium,Low
Daman and Diu,2024,12,17,1126.69,305.89,27.15,Medium,Low
Delhi,2017,1,150,2087.31,198.84,9.53,Medium,High
Delhi,2017,2,150,6621.75,616.11,9.3,High,High
Delhi,2017,3,150,2299.94,225.68,9.81,Medium,High
Delhi,2017,4,150,475.97,48.36,10.16,Low,High
Delhi,2017,5,150,2534.73,264.09,10.42,Medium,High
Delhi,2017,6,150,2966.94,293.46,9.89,Medium,High
Delhi,2017,7,150,765.8,74.82,9.77,Medium,High
Delhi,2017,8,150,1482.82,148.34,10.0,Medium,High
Delhi,2017,9,150,5880.02,559.43,9.51,High,High
Delhi,2017,10,150,3734.19,409.49,10.97,Medium,High
Delhi,2017,11,150,3585.84,327.41,9.13,Medium,High
Delhi,2017,12,150,5408.97,542.0,10.02,High,High
Delhi,2018,1,150,10022.07,2160.12,21.55,High,High
Delhi,2018,2,150,2854.81,603.06,21.12,Medium,High
Delhi,2018,3,150,2461.21,502.76,20.43,Medium,High
Delhi,2018,4,150,7056.64,1525.58,21.62,High,High
Delhi,2018,5,150,718.02,165.2,23.01,Medium,Medium
Delhi,2018,6,150,2292.72,479.24,20.9,Medium,High
Delhi,2018,7,150,1996.39,436.49,21.86,Medium,Medium
Delhi,2018,8,150,4341.18,856.93,19.74,High,High
Delhi,2018,9,150,575.46,115.64,20.09,Low,High
Delhi,2018,10,150,3982.62,860.35,21.6,Medium,High
Delhi,2018,11,150,3277.9,743.11,22.67,Medium,Medium
Delhi,2018,12,150,1618.36,347.62,21.48,Medium,High
Delhi,2019,1,150,2704.57,546.38,20.2,Medium,High
Delhi,2019,2,150,3480.77,814.64,23.4,Medium,Medium
Delhi,2019,3,150,1081.34,232.69,21.52,Medium,High
Delhi,2019,4,150,5381.24,1246.43,23.16,High,Medium
Delhi,2019,5,150,2362.33,474.52,20.09,Medium,High
Delhi,2019,6,150,4250.29,989.3,23.28,High,Medium
Delhi,2019,7,150,12772.9,2673.66,20.93,High,High
Delhi,2019,8,150,2857.88,660.05,23.1,Medium,Medium
Delhi,2019,9,150,5900.73,1315.72,22.3,High,Medium
Delhi,2019,10,150,3016.31,640.03,21.22,Medium,High
Delhi,2019,11,150,2008.19,438.35,21.83,Medium,Medium
Delhi,2019,12,150,8401.45,1936.22,23.05,High,Medium
Delhi,2020,1,150,4710.99,1209.77,25.68,High,Medium
Delhi,2020,2,150,6623.29,1711.53,25.84,High,Medium
Delhi,2020,3,150,12376.38,3429.03,27.71,High,Low
Delhi,2020,4,150,4705.53,1283.73,27.28,High,Low
Delhi,2020,5,150,3738.87,1067.85,28.56,Medium,Low
Delhi,2020,6,150,8243.21,2172.55,26.36,High,Medium
Delhi,2020,7,150,1062.3,264.21,24.87,Medium,Medium
Delhi,2020,8,150,4304.22,1208.16,28.07,High,Low
Delhi,2020,9,150,8065.21,1908.39,23.66,High,Medium
Delhi,2020,10,150,3076.99,804.34,26.14,Medium,Medium
Delhi,2020,11,150,5049.31,1299.93,25.74,High,Medium
Delhi,2020,12,150,9971.91,2566.33,25.74,High,Medium
Delhi,2021,1,150,3938.35,1112.11,28.24,Medium,Low
Delhi,2021,2,150,12187.37,2960.65,24.29,High,Medium
Delhi,2021,3,150,2611.64,716.5,27.43,Medium,Low
Delhi,2021,4,150,1278.81,353.83,27.67,Medium,Low
Delhi,2021,5,150,4214.87,1156.93,27.45,High,Low
Delhi,2021,6,150,5115.89,1352.26,26.43,High,Medium
Delhi,2021,7,150,10524.02,2644.38,25.13,High,Medium
Delhi,2021,8,150,4539.66,1059.64,23.34,High,Medium
Delhi,2021,9,150,19181.65,5101.53,26.6,High,Medium
Delhi,2021,10,150,8011.76,2228.57,27.82,High,Low
Delhi,2021,11,150,3718.54,1030.12,27.7,Medium,Low
Delhi,2021,12,150,10209.22,2804.0,27.47,High,Low
Delhi,2022,1,150,5667.79,1449.73,25.58,High,Medium
Delhi,2022,2,150,9668.03,2542.19,26.29,High,Medium
Delhi,2022,3,150,8189.23,2273.47,27.76,High,Low
Delhi,2022,4,150,3765.38,1069.83,28.41,Medium,Low
Delhi,2022,5,150,2204.21,575.19,26.1,Medium,Medium
Delhi,2022,6,150,8292.14,2133.85,25.73,High,Medium
Delhi,2022,7,150,10408.32,2747.13,26.39,High,Medium
Delhi,2022,8,150,5980.49,1576.49,26.36,High,Medium
Delhi,2022,9,150,9686.04,2697.47,27.85,High,Low
Delhi,2022,10,150,9858.5,2439.56,24.75,High,Medium
Delhi,2022,11,150,10886.43,2795.51,25.68,High,Medium
Delhi,2022,12,150,1350.57,332.09,24.59,Medium,Medium
Delhi,2023,1,150,2696.79,648.19,24.04,Medium,Medium
Delhi,2023,2,150,13824.71,3554.5,25.71,High,Medium
Delhi,2023,3,150,10425.09,2717.25,26.06,High,Medium
Delhi,2023,4,150,15142.51,4086.98,26.99,High,Low
Delhi,2023,5,150,8138.21,2122.24,26.08,High,Medium
Delhi,2023,6,150,4953.67,1392.08,28.1,High,Low
Delhi,2023,7,150,7461.83,2073.33,27.79,High,Low
Delhi,2023,8,150,2648.22,654.68,24.72,Medium,Medium
Delhi,2023,9,150,1843.77,497.15,26.96,Medium,Low
Delhi,2023,10,150,3930.74,1111.49,28.28,Medium,Low
Delhi,2023,11,150,18203.01,4665.25,25.63,High,Medium
Delhi,2023,12,150,4280.39,1108.3,25.89,High,Medium
Delhi,2024,1,150,7410.53,1862.09,25.13,High,Medium
Delhi,2024,2,150,14846.42,4065.31,27.38,High,Low
Delhi,2024,3,150,11075.11,2997.25,27.06,High,Low
Delhi,2024,4,150,9569.95,2582.86,26.99,High,Low
Delhi,2024,5,150,5076.86,1358.81,26.76,High,Low
Delhi,2024,6,150,1648.59,386.88,23.47,Medium,Medium
Delhi,2024,7,150,5049.65,1345.89,26.65,High,Medium
Delhi,2024,8,150,10775.64,2834.93,26.31,High,Medium
Delhi,2024,9,150,2817.89,662.67,23.52,Medium,Medium
Delhi,2024,10,150,13450.61,3389.55,25.2,High,Medium
Delhi,2024,11,150,12132.2,3133.29,25.83,High,Medium
Delhi,2024,12,150,7287.31,2010.82,27.59,High,Low
Goa,2017,1,46,1257.43,128.54,10.22,Medium,High
Goa,2017,2,46,625.82,62.26,9.95,Low,High
Goa,2017,3,46,726.59,66.1,9.1,Medium,High
Goa,2017,4,46,1136.29,110.6,9.73,Medium,High
Goa,2017,5,46,715.99,70.41,9.83,Medium,High
Goa,2017,6,46,1130.58,104.33,9.23,Medium,High
Goa,2017,7,46,300.55,27.49,9.15,Low,High
Goa,2017,8,46,737.99,76.58,10.38,Medium,High
Goa,2017,9,46,654.61,61.65,9.42,Low,High
Goa,2017,10,46,677.64,70.03,10.33,Low,High
Goa,2017,11,46,1342.41,134.76,10.04,Medium,High
Goa,2017,12,46,2299.67,224.38,9.76,Medium,High
Goa,2018,1,46,1164.15,271.13,23.29,Medium,Medium
Goa,2018,2,46,885.8,195.08,22.02,Medium,Medium
Goa,2018,3,46,1414.48,306.14,21.64,Medium,High
Goa,2018,4,46,1533.97,321.09,20.93,Medium,High
Goa,2018,5,46,1551.64,303.26,19.54,Medium,High
Goa,2018,6,46,1360.62,281.72,20.71,Medium,High
Goa,2018,7,46,707.37,151.73,21.45,Low,High
Goa,2018,8,46,423.16,94.35,22.3,Low,Medium
Goa,2018,9,46,222.59,47.7,21.43,Low,High
Goa,2018,10,46,694.95,150.92,21.72,Low,Medium
Goa,2018,11,46,2173.49,457.36,21.04,Medium,High
Goa,2018,12,46,501.64,116.99,23.32,Low,Medium
Goa,2019,1,46,370.34,82.37,22.24,Low,Medium
Goa,2019,2,46,739.0,167.44,22.66,Medium,Medium
Goa,2019,3,46,738.51,161.69,21.89,Medium,Medium
Goa,2019,4,46,1614.36,372.09,23.05,Medium,Medium
Goa,2019,5,46,1190.39,232.63,19.54,Medium,High
Goa,2019,6,46,707.18,143.92,20.35,Low,High
Goa,2019,7,46,551.89,120.86,21.9,Low,Medium
Goa,2019,8,46,5054.23,1129.16,22.34,High,Medium
Goa,2019,9,46,2133.63,486.69,22.81,Medium,Medium
Goa,2019,10,46,1314.69,290.22,22.08,Medium,Medium
Goa,2019,11,46,1374.82,303.34,22.06,Medium,Medium
Goa,2019,12,46,837.8,179.77,21.46,Medium,High
Goa,2020,1,46,3683.52,953.11,25.87,Medium,Medium
Goa,2020,2,46,1854.43,496.56,26.78,Medium,Low
Goa,2020,3,46,577.73,157.25,27.22,Low,Low
Goa,2020,4,46,931.82,222.16,23.84,Medium,Medium
Goa,2020,5,46,1034.28,294.85,28.51,Medium,Low
Goa,2020,6,46,2574.31,731.44,28.41,Medium,Low
Goa,2020,7,46,2484.02,584.34,23.52,Medium,Medium
Goa,2020,8,46,714.86,200.68,28.07,Medium,Low
Goa,2020,9,46,403.56,113.13,28.03,Low,Low
Goa,2020,10,46,5645.69,1503.31,26.63,High,Medium
Goa,2020,11,46,1802.86,448.91,24.9,Medium,Medium
Goa,2020,12,46,350.88,98.17,27.98,Low,Low
Goa,2021,1,46,1525.87,435.06,28.51,Medium,Low
Goa,2021,2,46,744.48,198.64,26.68,Medium,Low
Goa,2021,3,46,1976.14,526.67,26.65,Medium,Medium
Goa,2021,4,46,840.98,197.42,23.47,Medium,Medium
Goa,2021,5,46,1325.06,344.03,25.96,Medium,Medium
Goa,2021,6,46,3374.02,873.7,25.89,Medium,Medium
Goa,2021,7,46,1534.22,430.84,28.08,Medium,Low
Goa,2021,8,46,1453.38,387.26,26.65,Medium,Medium
Goa,2021,9,46,1779.54,459.44,25.82,Medium,Medium
Goa,2021,10,46,8722.9,2275.8,26.09,High,Medium
Goa,2021,11,46,670.46,184.71,27.55,Low,Low
Goa,2021,12,46,2282.7,592.73,25.97,Medium,Medium
Goa,2022,1,46,1291.56,350.69,27.15,Medium,Low
Goa,2022,2,46,2267.88,572.84,25.26,Medium,Medium
Goa,2022,3,46,2451.78,691.85,28.22,Medium,Low
Goa,2022,4,46,4248.01,1098.88,25.87,High,Medium
Goa,2022,5,46,173.54,47.65,27.46,Low,Low
Goa,2022,6,46,1406.47,384.08,27.31,Medium,Low
Goa,2022,7,46,2749.87,716.47,26.05,Medium,Medium
Goa,2022,8,46,321.17,85.06,26.48,Low,Medium
Goa,2022,9,46,3660.08,963.4,26.32,Medium,Medium
Goa,2022,10,46,1383.8,333.01,24.07,Medium,Medium
Goa,2022,11,46,2025.37,518.46,25.6,Medium,Medium
Goa,2022,12,46,4380.65,1178.24,26.9,High,Low
Goa,2023,1,46,5026.42,1356.46,26.99,High,Low
Goa,2023,2,46,1288.66,336.45,26.11,Medium,Medium
Goa,2023,3,46,1248.01,314.53,25.2,Medium,Medium
Goa,2023,4,46,2153.52,588.22,27.31,Medium,Low
Goa,2023,5,46,2339.61,591.41,25.28,Medium,Medium
Goa,2023,6,46,2142.97,584.02,27.25,Medium,Low
Goa,2023,7,46,3563.49,947.61,26.59,Medium,Medium
Goa,2023,8,46,5859.33,1583.08,27.02,High,Low
Goa,2023,9,46,1559.26,380.51,24.4,Medium,Medium
Goa,2023,10,46,688.62,178.69,25.95,Low,Medium
Goa,2023,11,46,940.6,242.24,25.75,Medium,Medium
Goa,2023,12,46,1877.84,450.41,23.99,Medium,Medium
Goa,2024,1,46,5511.7,1428.25,25.91,High,Medium
Goa,2024,2,46,3991.11,1085.29,27.19,High,Low
Goa,2024,3,46,1117.7,289.77,25.93,Medium,Medium
Goa,2024,4,46,4701.7,1208.02,25.69,High,Medium
Goa,2024,5,46,822.52,223.38,27.16,Medium,Low
Goa,2024,6,46,1431.65,363.35,25.38,Medium,Medium
Goa,2024,7,46,3950.53,1045.91,26.48,Medium,Medium
Goa,2024,8,46,1050.08,292.32,27.84,Medium,Low
Goa,2024,9,46,311.5,78.63,25.24,Low,Medium
Goa,2024,10,46,3364.03,901.4,26.8,Medium,Low
Goa,2024,11,46,549.44,146.84,26.73,Low,Low
Goa,2024,12,46,4214.56,1103.47,26.18,High,Medium
Gujarat,2017,1,163,1657.07,173.4,10.46,Medium,High
Gujarat,2017,2,163,2441.23,220.9,9.05,Medium,High
Gujarat,2017,3,163,2263.86,213.65,9.44,Medium,High
Gujarat,2017,4,163,5270.2,529.51,10.05,High,High
Gujarat,2017,5,163,727.56,71.18,9.78,Medium,High
Gujarat,2017,6,163,3935.19,378.0,9.61,Medium,High
Gujarat,2017,7,163,6098.9,608.54,9.98,High,High
Gujarat,2017,8,163,3349.09,301.15,8.99,Medium,High
Gujarat,2017,9,163,5299.65,518.0,9.77,High,High
Gujarat,2017,10,163,3035.13,311.06,10.25,Medium,High
Gujarat,2017,11,163,5154.02,513.98,9.97,High,High
Gujarat,2017,12,163,1892.21,190.01,10.04,Medium,High
Gujarat,2018,1,163,6546.67,1476.83,22.56,High,Medium
Gujarat,2018,2,163,7912.99,1628.05,20.57,High,High
Gujarat,2018,3,163,1526.84,380.9,24.95,Medium,Medium
Gujarat,2018,4,163,7947.38,1624.56,20.44,High,High
Gujarat,2018,5,163,2329.99,496.21,21.3,Medium,High
Gujarat,2018,6,163,1226.92,243.48,19.84,Medium,High
Gujarat,2018,7,163,1554.82,345.44,22.22,Medium,Medium
Gujarat,2018,8,163,3490.67,760.9,21.8,Medium,Medium
Gujarat,2018,9,163,1072.43,240.89,22.46,Medium,Medium
Gujarat,2018,10,163,1770.89,349.81,19.75,Medium,High
Gujarat,2018,11,163,2995.48,684.13,22.84,Medium,Medium
Gujarat,2018,12,163,6392.75,1327.22,20.76,High,High
Gujarat,2019,1,163,4508.94,943.56,20.93,High,High
Gujarat,2019,2,163,1800.65,373.68,20.75,Medium,High
Gujarat,2019,3,163,7933.11,1757.81,22.16,High,Medium
Gujarat,2019,4,163,7969.26,1752.28,21.99,High,Medium
Gujarat,2019,5,163,2522.91,602.37,23.88,Medium,Medium
Gujarat,2019,6,163,6133.21,1320.59,21.53,High,High
Gujarat,2019,7,163,9026.01,1969.43,21.82,High,Medium
Gujarat,2019,8,163,3301.67,734.63,22.25,Medium,Medium
Gujarat,2019,9,163,4338.73,955.6,22.02,High,Medium
Gujarat,2019,10,163,4305.56,1043.49,24.24,High,Medium
Gujarat,2019,11,163,2668.02,570.73,21.39,Medium,High
Gujarat,2019,12,163,4408.82,981.07,22.25,High,Medium
Gujarat,2020,1,163,7972.05,2212.24,27.75,High,Low
Gujarat,2020,2,163,6078.19,1587.16,26.11,High,Medium
Gujarat,2020,3,163,2966.48,822.87,27.74,Medium,Low
Gujarat,2020,4,163,4649.67,1315.68,28.3,High,Low
Gujarat,2020,5,163,7797.27,2093.33,26.85,High,Low
Gujarat,2020,6,163,8073.34,2025.24,25.09,High,Medium
Gujarat,2020,7,163,2531.72,658.21,26.0,Medium,Medium
Gujarat,2020,8,163,5847.81,1692.04,28.93,High,Low
Gujarat,2020,9,163,3011.94,800.12,26.56,Medium,Medium
Gujarat,2020,10,163,5682.1,1263.24,22.23,High,Medium
Gujarat,2020,11,163,3637.94,898.79,24.71,Medium,Medium
Gujarat,2020,12,163,19913.48,5197.14,26.1,High,Medium
Gujarat,2021,1,163,13460.17,3511.61,26.09,High,Medium
Gujarat,2021,2,163,1161.36,317.3,27.32,Medium,Low
Gujarat,2021,3,163,2916.98,774.63,26.56,Medium,Medium
Gujarat,2021,4,163,5441.25,1463.81,26.9,High,Low
Gujarat,2021,5,163,5191.28,1422.84,27.41,High,Low
Gujarat,2021,6,163,21941.0,5779.78,26.34,High,Medium
Gujarat,2021,7,163,18921.69,4820.55,25.48,High,Medium
Gujarat,2021,8,163,8243.19,2151.31,26.1,High,Medium
Gujarat,2021,9,163,1488.8,423.02,28.41,Medium,Low
Gujarat,2021,10,163,7784.23,2099.2,26.97,High,Low
Gujarat,2021,11,163,2433.5,624.9,25.68,Medium,Medium
Gujarat,2021,12,163,3961.09,1083.36,27.35,Medium,Low
Gujarat,2022,1,163,13304.27,3185.62,23.94,High,Medium
Gujarat,2022,2,163,3458.57,924.29,26.72,Medium,Low
Gujarat,2022,3,163,15360.63,3864.54,25.16,High,Medium
Gujarat,2022,4,163,4543.07,1334.82,29.38,High,Low
Gujarat,2022,5,163,4330.45,1078.64,24.91,High,Medium
Gujarat,2022,6,163,13925.08,3948.26,28.35,High,Low
Gujarat,2022,7,163,21594.54,5678.32,26.3,High,Medium
Gujarat,2022,8,163,926.28,240.66,25.98,Medium,Medium
Gujarat,2022,9,163,5781.92,1462.7,25.3,High,Medium
Gujarat,2022,10,163,4117.29,1235.68,30.01,High,Low
Gujarat,2022,11,163,5354.25,1449.99,27.08,High,Low
Gujarat,2022,12,163,710.37,190.47,26.81,Medium,Low
Gujarat,2023,1,163,11569.12,2971.49,25.68,High,Medium
Gujarat,2023,2,163,18818.35,5121.5,27.22,High,Low
Gujarat,2023,3,163,6015.8,1482.34,24.64,High,Medium
Gujarat,2023,4,163,4400.9,1166.74,26.51,High,Medium
Gujarat,2023,5,163,3866.72,978.69,25.31,Medium,Medium
Gujarat,2023,6,163,7963.03,2028.77,25.48,High,Medium
Gujarat,2023,7,163,4431.76,1137.93,25.68,High,Medium
Gujarat,2023,8,163,2214.08,573.04,25.88,Medium,Medium
Gujarat,2023,9,163,3989.14,1013.67,25.41,Medium,Medium
Gujarat,2023,10,163,8128.7,2099.95,25.83,High,Medium
Gujarat,2023,11,163,10162.97,2802.56,27.58,High,Low
Gujarat,2023,12,163,20095.93,5389.48,26.82,High,Low
Gujarat,2024,1,163,12660.95,3466.47,27.38,High,Low
Gujarat,2024,2,163,4738.57,1203.43,25.4,High,Medium
Gujarat,2024,3,163,3153.75,853.32,27.06,Medium,Low
Gujarat,2024,4,163,13363.55,3062.02,22.91,High,Medium
Gujarat,2024,5,163,12716.23,3394.07,26.69,High,Low
Gujarat,2024,6,163,18136.19,4488.02,24.75,High,Medium
Gujarat,2024,7,163,4147.53,1184.84,28.57,High,Low
Gujarat,2024,8,163,5742.18,1607.23,27.99,High,Low
Gujarat,2024,9,163,13709.17,3779.8,27.57,High,Low
Gujarat,2024,10,163,4693.15,1360.62,28.99,High,Low
Gujarat,2024,11,163,10916.25,2801.58,25.66,High,Medium
Gujarat,2024,12,163,5928.77,1736.93,29.3,High,Low
Haryana,2017,1,112,4402.27,441.92,10.04,High,High
Haryana,2017,2,112,1907.98,188.33,9.87,Medium,High
Haryana,2017,3,112,4985.39,493.65,9.9,High,High
Haryana,2017,4,112,840.29,87.34,10.39,Medium,High
Haryana,2017,5,112,1483.71,150.31,10.13,Medium,High
Haryana,2017,6,112,886.43,87.88,9.91,Medium,High
Haryana,2017,7,112,2993.5,268.34,8.96,Medium,High
Haryana,2017,8,112,1429.32,132.98,9.3,Medium,High
Haryana,2017,9,112,299.09,29.05,9.71,Low,High
Haryana,2017,10,112,2184.69,214.5,9.82,Medium,High
Haryana,2017,11,112,4345.27,400.66,9.22,High,High
Haryana,2017,12,112,2499.11,273.68,10.95,Medium,High
Haryana,2018,1,112,5861.51,1239.06,21.14,High,High
Haryana,2018,2,112,3355.85,759.97,22.65,Medium,Medium
Haryana,2018,3,112,933.29,185.46,19.87,Medium,High
Haryana,2018,4,112,2308.54,456.05,19.75,Medium,High
Haryana,2018,5,112,2788.44,574.94,20.62,Medium,High
Haryana,2018,6,112,1924.09,429.86,22.34,Medium,Medium
Haryana,2018,7,112,284.18,55.77,19.62,Low,High
Haryana,2018,8,112,1023.81,186.65,18.23,Medium,High
Haryana,2018,9,112,1550.2,321.81,20.76,Medium,High
Haryana,2018,10,112,7158.35,1562.25,21.82,High,Medium
Haryana,2018,11,112,3101.42,698.22,22.51,Medium,Medium
Haryana,2018,12,112,471.02,97.72,20.75,Low,High
Haryana,2019,1,112,2499.33,582.91,23.32,Medium,Medium
Haryana,2019,2,112,7654.32,1659.03,21.67,High,High
Haryana,2019,3,112,4042.79,910.2,22.51,High,Medium
Haryana,2019,4,112,4865.47,1136.81,23.36,High,Medium
Haryana,2019,5,112,159.97,32.85,20.53,Low,High
Haryana,2019,6,112,2001.91,425.67,21.26,Medium,High
Haryana,2019,7,112,3663.02,795.87,21.73,Medium,Medium
Haryana,2019,8,112,4857.55,1028.89,21.18,High,High
Haryana,2019,9,112,1485.26,355.83,23.96,Medium,Medium
Haryana,2019,10,112,2969.75,626.64,21.1,Medium,High
Haryana,2019,11,112,2138.91,458.43,21.43,Medium,High
Haryana,2019,12,112,4144.49,922.99,22.27,High,Medium
Haryana,2020,1,112,1240.22,350.41,28.25,Medium,Low
Haryana,2020,2,112,2737.06,734.65,26.84,Medium,Low
Haryana,2020,3,112,3514.74,844.67,24.03,Medium,Medium
Haryana,2020,4,112,2433.44,612.37,25.16,Medium,Medium
Haryana,2020,5,112,854.03,225.51,26.41,Medium,Medium
Haryana,2020,6,112,4804.21,1300.34,27.07,High,Low
Haryana,2020,7,112,4480.76,1190.91,26.58,High,Medium
Haryana,2020,8,112,6195.57,1751.99,28.28,High,Low
Haryana,2020,9,112,4405.95,1059.78,24.05,High,Medium
Haryana,2020,10,112,10859.04,2915.11,26.84,High,Low
Haryana,2020,11,112,6537.24,1584.03,24.23,High,Medium
Haryana,2020,12,112,5644.15,1561.51,27.67,High,Low
Haryana,2021,1,112,3672.29,985.08,26.82,Medium,Low
Haryana,2021,2,112,5384.3,1434.58,26.64,High,Medium
Haryana,2021,3,112,8080.97,2105.68,26.06,High,Medium
Haryana,2021,4,112,6025.04,1525.45,25.32,High,Medium
Haryana,2021,5,112,2160.43,598.28,27.69,Medium,Low
Haryana,2021,6,112,7197.0,2050.48,28.49,High,Low
Haryana,2021,7,112,11464.87,2943.79,25.68,High,Medium
Haryana,2021,8,112,8224.3,2097.81,25.51,High,Medium
Haryana,2021,9,112,1168.83,315.1,26.96,Medium,Low
Haryana,2021,10,112,5979.92,1545.32,25.84,High,Medium
Haryana,2021,11,112,1356.61,354.47,26.13,Medium,Medium
Haryana,2021,12,112,3149.18,859.28,27.29,Medium,Low
Haryana,2022,1,112,715.23,194.11,27.14,Medium,Low
Haryana,2022,2,112,13215.73,3444.97,26.07,High,Medium
Haryana,2022,3,112,5117.21,1455.32,28.44,High,Low
Haryana,2022,4,112,5329.7,1427.66,26.79,High,Low
Haryana,2022,5,112,5665.42,1321.4,23.32,High,Medium
Haryana,2022,6,112,7594.63,2033.78,26.78,High,Low
Haryana,2022,7,112,7756.61,2006.91,25.87,High,Medium
Haryana,2022,8,112,4426.96,1109.61,25.06,High,Medium
Haryana,2022,9,112,5077.31,1299.9,25.6,High,Medium
Haryana,2022,10,112,3303.5,906.48,27.44,Medium,Low
Haryana,2022,11,112,2995.95,871.93,29.1,Medium,Low
Haryana,2022,12,112,2983.06,826.85,27.72,Medium,Low
Haryana,2023,1,112,3987.75,966.49,24.24,Medium,Medium
Haryana,2023,2,112,9281.46,2341.5,25.23,High,Medium
Haryana,2023,3,112,2298.97,566.73,24.65,Medium,Medium
Haryana,2023,4,112,1091.95,298.74,27.36,Medium,Low
Haryana,2023,5,112,6161.8,1486.04,24.12,High,Medium
Haryana,2023,6,112,4727.07,1266.77,26.8,High,Low
Haryana,2023,7,112,1910.27,511.9,26.8,Medium,Low
Haryana,2023,8,112,11496.59,3218.89,28.0,High,Low
Haryana,2023,9,112,2706.95,680.16,25.13,Medium,Medium
Haryana,2023,10,112,3476.8,923.63,26.57,Medium,Medium
Haryana,2023,11,112,13039.31,3726.43,28.58,High,Low
Haryana,2023,12,112,9670.94,2404.18,24.86,High,Medium
Haryana,2024,1,112,1045.05,251.11,24.03,Medium,Medium
Haryana,2024,2,112,647.35,165.15,25.51,Low,Medium
Haryana,2024,3,112,3508.22,885.32,25.24,Medium,Medium
Haryana,2024,4,112,6548.73,1777.58,27.14,High,Low
Haryana,2024,5,112,5616.74,1394.25,24.82,High,Medium
Haryana,2024,6,112,11182.15,3040.54,27.19,High,Low
Haryana,2024,7,112,2037.43,570.36,27.99,Medium,Low
Haryana,2024,8,112,2669.63,723.72,27.11,Medium,Low
Haryana,2024,9,112,8894.35,2363.27,26.57,High,Medium
Haryana,2024,10,112,6612.35,1646.78,24.9,High,Medium
Haryana,2024,11,112,13906.37,3489.03,25.09,High,Medium
Haryana,2024,12,112,12850.06,3576.9,27.84,High,Low
Jammu and Kashmir,2017,1,50,1370.5,135.62,9.9,Medium,High
Jammu and Kashmir,2017,2,50,767.02,74.78,9.75,Medium,High
Jammu and Kashmir,2017,3,50,299.45,29.68,9.91,Low,High
Jammu and Kashmir,2017,4,50,2634.15,266.42,10.11,Medium,High
Jammu and Kashmir,2017,5,50,1582.12,154.77,9.78,Medium,High
Jammu and Kashmir,2017,6,50,244.23,23.63,9.68,Low,High
Jammu and Kashmir,2017,7,50,909.29,83.5,9.18,Medium,High
Jammu and Kashmir,2017,8,50,1515.46,140.39,9.26,Medium,High
Jammu and Kashmir,2017,9,50,145.79,14.84,10.18,Low,High
Jammu and Kashmir,2017,10,50,1632.52,168.08,10.3,Medium,High
Jammu and Kashmir,2017,11,50,1092.93,103.74,9.49,Medium,High
Jammu and Kashmir,2017,12,50,421.29,40.56,9.63,Low,High
Jammu and Kashmir,2018,1,50,377.5,77.53,20.54,Low,High
Jammu and Kashmir,2018,2,50,1854.13,398.56,21.5,Medium,High
Jammu and Kashmir,2018,3,50,387.62,74.24,19.15,Low,High
Jammu and Kashmir,2018,4,50,616.16,138.05,22.4,Low,Medium
Jammu and Kashmir,2018,5,50,997.98,197.48,19.79,Medium,High
Jammu and Kashmir,2018,6,50,1332.38,307.47,23.08,Medium,Medium
Jammu and Kashmir,2018,7,50,1551.13,327.43,21.11,Medium,High
Jammu and Kashmir,2018,8,50,1399.49,297.2,21.24,Medium,High
Jammu and Kashmir,2018,9,50,373.07,77.56,20.79,Low,High
Jammu and Kashmir,2018,10,50,2062.9,436.4,21.15,Medium,High
Jammu and Kashmir,2018,11,50,1851.31,425.54,22.99,Medium,Medium
Jammu and Kashmir,2018,12,50,928.78,174.55,18.79,Medium,High
Jammu and Kashmir,2019,1,50,2019.54,440.76,21.82,Medium,Medium
Jammu and Kashmir,2019,2,50,1104.08,229.75,20.81,Medium,High
Jammu and Kashmir,2019,3,50,2526.83,583.99,23.11,Medium,Medium
Jammu and Kashmir,2019,4,50,370.96,90.6,24.42,Low,Medium
Jammu and Kashmir,2019,5,50,1104.5,244.08,22.1,Medium,Medium
Jammu and Kashmir,2019,6,50,373.85,78.11,20.89,Low,High
Jammu and Kashmir,2019,7,50,1819.32,367.3,20.19,Medium,High
Jammu and Kashmir,2019,8,50,1776.38,393.76,22.17,Medium,Medium
Jammu and Kashmir,2019,9,50,2644.44,610.65,23.09,Medium,Medium
Jammu and Kashmir,2019,10,50,858.77,192.4,22.4,Medium,Medium
Jammu and Kashmir,2019,11,50,3128.75,684.61,21.88,Medium,Medium
Jammu and Kashmir,2019,12,50,345.25,73.33,21.24,Low,High
Jammu and Kashmir,2020,1,50,540.82,142.57,26.36,Low,Medium
Jammu and Kashmir,2020,2,50,2624.05,698.09,26.6,Medium,Medium
Jammu and Kashmir,2020,3,50,4100.03,1133.44,27.64,High,Low
Jammu and Kashmir,2020,4,50,2211.84,600.94,27.17,Medium,Low
Jammu and Kashmir,2020,5,50,396.35,104.09,26.26,Low,Medium
Jammu and Kashmir,2020,6,50,1298.88,348.63,26.84,Medium,Low
Jammu and Kashmir,2020,7,50,2414.71,656.11,27.17,Medium,Low
Jammu and Kashmir,2020,8,50,1203.27,291.0,24.18,Medium,Medium
Jammu and Kashmir,2020,9,50,580.12,160.61,27.69,Low,Low
Jammu and Kashmir,2020,10,50,3342.01,860.21,25.74,Medium,Medium
Jammu and Kashmir,2020,11,50,1162.28,296.43,25.5,Medium,Medium
Jammu and Kashmir,2020,12,50,4101.7,1016.47,24.78,High,Medium
Jammu and Kashmir,2021,1,50,249.67,69.66,27.9,Low,Low
Jammu and Kashmir,2021,2,50,443.27,113.89,25.69,Low,Medium
Jammu and Kashmir,2021,3,50,1041.72,264.18,25.36,Medium,Medium
Jammu and Kashmir,2021,4,50,1846.49,490.09,26.54,Medium,Medium
Jammu and Kashmir,2021,5,50,2168.13,597.92,27.58,Medium,Low
Jammu and Kashmir,2021,6,50,1783.38,474.78,26.62,Medium,Medium
Jammu and Kashmir,2021,7,50,4192.16,1020.96,24.35,High,Medium
Jammu and Kashmir,2021,8,50,5091.33,1292.05,25.38,High,Medium
Jammu and Kashmir,2021,9,50,1288.78,339.48,26.34,Medium,Medium
Jammu and Kashmir,2021,10,50,683.48,180.02,26.34,Low,Medium
Jammu and Kashmir,2021,11,50,6115.51,1776.33,29.05,High,Low
Jammu and Kashmir,2021,12,50,3606.66,887.48,24.61,Medium,Medium
Jammu and Kashmir,2022,1,50,2601.71,648.99,24.94,Medium,Medium
Jammu and Kashmir,2022,2,50,4778.22,1240.36,25.96,High,Medium
Jammu and Kashmir,2022,3,50,7189.64,1859.12,25.86,High,Medium
Jammu and Kashmir,2022,4,50,1293.36,343.58,26.57,Medium,Medium
Jammu and Kashmir,2022,5,50,2087.15,568.46,27.24,Medium,Low
Jammu and Kashmir,2022,6,50,1666.15,453.62,27.23,Medium,Low
Jammu and Kashmir,2022,7,50,2479.58,602.54,24.3,Medium,Medium
Jammu and Kashmir,2022,8,50,1507.72,423.47,28.09,Medium,Low
Jammu and Kashmir,2022,9,50,1013.72,273.75,27.0,Medium,Low
Jammu and Kashmir,2022,10,50,1294.84,369.21,28.51,Medium,Low
Jammu and Kashmir,2022,11,50,1137.11,309.98,27.26,Medium,Low
Jammu and Kashmir,2022,12,50,1603.16,451.08,28.14,Medium,Low
Jammu and Kashmir,2023,1,50,2497.59,544.75,21.81,Medium,Medium
Jammu and Kashmir,2023,2,50,4345.17,1224.34,28.18,High,Low
Jammu and Kashmir,2023,3,50,7093.28,1911.29,26.95,High,Low
Jammu and Kashmir,2023,4,50,3300.4,827.51,25.07,Medium,Medium
Jammu and Kashmir,2023,5,50,527.73,134.98,25.58,Low,Medium
Jammu and Kashmir,2023,6,50,2209.31,531.49,24.06,Medium,Medium
Jammu and Kashmir,2023,7,50,1976.58,547.92,27.72,Medium,Low
Jammu and Kashmir,2023,8,50,4979.15,1393.07,27.98,High,Low
Jammu and Kashmir,2023,9,50,1626.55,418.9,25.75,Medium,Medium
Jammu and Kashmir,2023,10,50,882.6,237.08,26.86,Medium,Low
Jammu and Kashmir,2023,11,50,1196.3,308.38,25.78,Medium,Medium
Jammu and Kashmir,2023,12,50,548.31,130.75,23.85,Low,Medium
Jammu and Kashmir,2024,1,50,1820.47,502.92,27.63,Medium,Low
Jammu and Kashmir,2024,2,50,2820.31,747.82,26.52,Medium,Medium
Jammu and Kashmir,2024,3,50,1753.88,429.28,24.48,Medium,Medium
Jammu and Kashmir,2024,4,50,2142.6,505.92,23.61,Medium,Medium
Jammu and Kashmir,2024,5,50,2655.32,670.28,25.24,Medium,Medium
Jammu and Kashmir,2024,6,50,976.65,247.96,25.39,Medium,Medium
Jammu and Kashmir,2024,7,50,5011.38,1317.94,26.3,High,Medium
Jammu and Kashmir,2024,8,50,242.37,60.53,24.98,Low,Medium
Jammu and Kashmir,2024,9,50,5576.14,1467.56,26.32,High,Medium
Jammu and Kashmir,2024,10,50,6387.19,1797.7,28.15,High,Low
Jammu and Kashmir,2024,11,50,1901.34,507.82,26.71,Medium,Low
Jammu and Kashmir,2024,12,50,2425.95,621.06,25.6,Medium,Medium
Jharkhand,2017,1,68,1114.53,113.14,10.15,Medium,High
Jharkhand,2017,2,68,964.57,83.61,8.67,Medium,High
Jharkhand,2017,3,68,1334.55,125.77,9.42,Medium,High
Jharkhand,2017,4,68,1340.66,143.57,10.71,Medium,High
Jharkhand,2017,5,68,1638.95,157.58,9.61,Medium,High
Jharkhand,2017,6,68,1228.92,114.55,9.32,Medium,High
Jharkhand,2017,7,68,2932.23,287.49,9.8,Medium,High
Jharkhand,2017,8,68,596.74,65.2,10.93,Low,High
Jharkhand,2017,9,68,1773.47,159.53,9.0,Medium,High
Jharkhand,2017,10,68,1824.17,171.14,9.38,Medium,High
Jharkhand,2017,11,68,646.6,68.82,10.64,Low,High
Jharkhand,2017,12,68,1760.69,190.55,10.82,Medium,High
Jharkhand,2018,1,68,951.84,185.9,19.53,Medium,High
Jharkhand,2018,2,68,324.72,69.73,21.47,Low,High
Jharkhand,2018,3,68,1676.03,372.05,22.2,Medium,Medium
Jharkhand,2018,4,68,509.46,110.26,21.64,Low,High
Jharkhand,2018,5,68,1320.18,282.36,21.39,Medium,High
Jharkhand,2018,6,68,2681.67,539.34,20.11,Medium,High
Jharkhand,2018,7,68,2570.66,559.37,21.76,Medium,Medium
Jharkhand,2018,8,68,1303.55,269.78,20.7,Medium,High
Jharkhand,2018,9,68,374.18,71.67,19.15,Low,High
Jharkhand,2018,10,68,1003.98,228.85,22.79,Medium,Medium
Jharkhand,2018,11,68,1335.17,300.95,22.54,Medium,Medium
Jharkhand,2018,12,68,4624.71,997.32,21.56,High,High
Jharkhand,2019,1,68,2102.0,492.37,23.42,Medium,Medium
Jharkhand,2019,2,68,3687.5,797.24,21.62,Medium,High
Jharkhand,2019,3,68,1392.0,323.43,23.24,Medium,Medium
Jharkhand,2019,4,68,4244.88,964.58,22.72,High,Medium
Jharkhand,2019,5,68,537.04,132.1,24.6,Low,Medium
Jharkhand,2019,6,68,2192.24,447.77,20.43,Medium,High
Jharkhand,2019,7,68,870.51,204.1,23.45,Medium,Medium
Jharkhand,2019,8,68,673.34,157.03,23.32,Low,Medium
Jharkhand,2019,9,68,5921.29,1242.5,20.98,High,High
Jharkhand,2019,10,68,566.77,131.31,23.17,Low,Medium
Jharkhand,2019,11,68,1868.6,419.08,22.43,Medium,Medium
Jharkhand,2019,12,68,522.66,113.97,21.81,Low,Medium
Jharkhand,2020,1,68,1070.97,273.88,25.57,Medium,Medium
Jharkhand,2020,2,68,1185.27,331.17,27.94,Medium,Low
Jharkhand,2020,3,68,7849.9,1942.24,24.74,High,Medium
Jharkhand,2020,4,68,2196.09,604.42,27.52,Medium,Low
Jharkhand,2020,5,68,1118.1,336.14,30.06,Medium,Low
Jharkhand,2020,6,68,4596.28,1202.24,26.16,High,Medium
Jharkhand,2020,7,68,2253.29,592.9,26.31,Medium,Medium
Jharkhand,2020,8,68,2389.78,681.26,28.51,Medium,Low
Jharkhand,2020,9,68,3596.22,911.28,25.34,Medium,Medium
Jharkhand,2020,10,68,3695.85,982.71,26.59,Medium,Medium
Jharkhand,2020,11,68,909.3,257.12,28.28,Medium,Low
Jharkhand,2020,12,68,1746.39,464.32,26.59,Medium,Medium
Jharkhand,2021,1,68,2843.64,744.32,26.17,Medium,Medium
Jharkhand,2021,2,68,5817.92,1363.47,23.44,High,Medium
Jharkhand,2021,3,68,2608.49,688.0,26.38,Medium,Medium
Jharkhand,2021,4,68,4515.16,1312.1,29.06,High,Low
Jharkhand,2021,5,68,2274.4,584.39,25.69,Medium,Medium
Jharkhand,2021,6,68,2970.75,749.01,25.21,Medium,Medium
Jharkhand,2021,7,68,1696.87,452.28,26.65,Medium,Medium
Jharkhand,2021,8,68,1241.27,329.85,26.57,Medium,Medium
Jharkhand,2021,9,68,5965.39,1653.95,27.73,High,Low
Jharkhand,2021,10,68,2410.01,590.93,24.52,Medium,Medium
Jharkhand,2021,11,68,4757.89,1290.44,27.12,High,Low
Jharkhand,2021,12,68,1672.62,450.57,26.94,Medium,Low
Jharkhand,2022,1,68,1715.58,449.86,26.22,Medium,Medium
Jharkhand,2022,2,68,2468.06,656.83,26.61,Medium,Medium
Jharkhand,2022,3,68,3892.51,1054.74,27.1,Medium,Low
Jharkhand,2022,4,68,3530.07,949.28,26.89,Medium,Low
Jharkhand,2022,5,68,1824.67,486.36,26.65,Medium,Medium
Jharkhand,2022,6,68,2029.63,510.22,25.14,Medium,Medium
Jharkhand,2022,7,68,4291.92,1064.86,24.81,High,Medium
Jharkhand,2022,8,68,1797.45,466.72,25.97,Medium,Medium
Jharkhand,2022,9,68,2197.34,587.41,26.73,Medium,Low
Jharkhand,2022,10,68,4387.98,1108.25,25.26,High,Medium
Jharkhand,2022,11,68,8491.61,2284.35,26.9,High,Low
Jharkhand,2022,12,68,2340.39,641.17,27.4,Medium,Low
Jharkhand,2023,1,68,1179.54,324.93,27.55,Medium,Low
Jharkhand,2023,2,68,1277.14,361.65,28.32,Medium,Low
Jharkhand,2023,3,68,1713.26,432.89,25.27,Medium,Medium
Jharkhand,2023,4,68,6510.45,1547.3,23.77,High,Medium
Jharkhand,2023,5,68,3620.9,1015.03,28.03,Medium,Low
Jharkhand,2023,6,68,2733.04,704.2,25.77,Medium,Medium
Jharkhand,2023,7,68,3271.17,790.53,24.17,Medium,Medium
Jharkhand,2023,8,68,16444.76,4452.29,27.07,High,Low
Jharkhand,2023,9,68,2295.76,641.56,27.95,Medium,Low
Jharkhand,2023,10,68,2438.77,651.52,26.72,Medium,Low
Jharkhand,2023,11,68,509.46,133.8,26.26,Low,Medium
Jharkhand,2023,12,68,414.6,110.55,26.67,Low,Low
Jharkhand,2024,1,68,2935.09,774.02,26.37,Medium,Medium
Jharkhand,2024,2,68,1099.7,317.97,28.91,Medium,Low
Jharkhand,2024,3,68,2152.21,572.48,26.6,Medium,Medium
Jharkhand,2024,4,68,5796.71,1519.11,26.21,High,Medium
Jharkhand,2024,5,68,5042.13,1344.14,26.66,High,Medium
Jharkhand,2024,6,68,4508.21,1182.1,26.22,High,Medium
Jharkhand,2024,7,68,333.23,83.87,25.17,Low,Medium
Jharkhand,2024,8,68,4543.16,1240.99,27.32,High,Low
Jharkhand,2024,9,68,2426.3,643.74,26.53,Medium,Medium
Jharkhand,2024,10,68,5068.97,1331.04,26.26,High,Medium
Jharkhand,2024,11,68,9200.58,2296.11,24.96,High,Medium
Jharkhand,2024,12,68,2744.19,766.88,27.95,Medium,Low
Karnataka,2017,1,164,6958.15,693.1,9.96,High,High
Karnataka,2017,2,164,2725.4,286.57,10.51,Medium,High
Karnataka,2017,3,164,2199.27,223.47,10.16,Medium,High
Karnataka,2017,4,164,2247.22,217.26,9.67,Medium,High
Karnataka,2017,5,164,691.57,69.15,10.0,Low,High
Karnataka,2017,6,164,6106.86,595.59,9.75,High,High
Karnataka,2017,7,164,432.44,42.71,9.88,Low,High
Karnataka,2017,8,164,4044.33,392.74,9.71,High,High
Karnataka,2017,9,164,3841.95,376.15,9.79,Medium,High
Karnataka,2017,10,164,3321.33,331.35,9.98,Medium,High
Karnataka,2017,11,164,6076.66,570.07,9.38,High,High
Karnataka,2017,12,164,2731.23,255.92,9.37,Medium,High
Karnataka,2018,1,164,1093.32,225.01,20.58,Medium,High
Karnataka,2018,2,164,836.94,188.66,22.54,Medium,Medium
Karnataka,2018,3,164,1887.1,378.2,20.04,Medium,High
Karnataka,2018,4,164,6017.9,1312.66,21.81,High,Medium
Karnataka,2018,5,164,6618.64,1492.63,22.55,High,Medium
Karnataka,2018,6,164,7325.74,1597.42,21.81,High,Medium
Karnataka,2018,7,164,1956.88,412.47,21.08,Medium,High
Karnataka,2018,8,164,4463.21,925.27,20.73,High,High
Karnataka,2018,9,164,3031.1,678.86,22.4,Medium,Medium
Karnataka,2018,10,164,3757.48,743.17,19.78,Medium,High
Karnataka,2018,11,164,2986.81,605.15,20.26,Medium,High
Karnataka,2018,12,164,5067.33,1057.57,20.87,High,High
Karnataka,2019,1,164,9143.56,1953.07,21.36,High,High
Karnataka,2019,2,164,5268.66,1156.25,21.95,High,Medium
Karnataka,2019,3,164,2370.32,513.45,21.66,Medium,High
Karnataka,2019,4,164,2168.04,461.53,21.29,Medium,High
Karnataka,2019,5,164,11283.69,2499.85,22.15,High,Medium
Karnataka,2019,6,164,7117.38,1560.37,21.92,High,Medium
Karnataka,2019,7,164,3534.96,768.86,21.75,Medium,Medium
Karnataka,2019,8,164,994.88,212.46,21.36,Medium,High
Karnataka,2019,9,164,9460.66,2130.2,22.52,High,Medium
Karnataka,2019,10,164,1449.32,347.76,23.99,Medium,Medium
Karnataka,2019,11,164,2955.8,659.66,22.32,Medium,Medium
Karnataka,2019,12,164,3531.09,821.55,23.27,Medium,Medium
Karnataka,2020,1,164,1936.05,488.35,25.22,Medium,Medium
Karnataka,2020,2,164,8284.54,2238.32,27.02,High,Low
Karnataka,2020,3,164,2705.14,744.51,27.52,Medium,Low
Karnataka,2020,4,164,1740.22,463.66,26.64,Medium,Medium
Karnataka,2020,5,164,14192.68,3730.09,26.28,High,Medium
Karnataka,2020,6,164,8821.35,2312.77,26.22,High,Medium
Karnataka,2020,7,164,1621.5,405.6,25.01,Medium,Medium
Karnataka,2020,8,164,6287.65,1607.26,25.56,High,Medium
Karnataka,2020,9,164,3356.81,935.77,27.88,Medium,Low
Karnataka,2020,10,164,6464.52,1584.9,24.52,High,Medium
Karnataka,2020,11,164,12041.35,3348.32,27.81,High,Low
Karnataka,2020,12,164,11189.69,2832.69,25.32,High,Medium
Karnataka,2021,1,164,14686.01,3974.42,27.06,High,Low
Karnataka,2021,2,164,1568.05,424.59,27.08,Medium,Low
Karnataka,2021,3,164,1551.98,395.72,25.5,Medium,Medium
Karnataka,2021,4,164,7160.51,2037.85,28.46,High,Low
Karnataka,2021,5,164,5651.43,1544.07,27.32,High,Low
Karnataka,2021,6,164,5671.23,1360.55,23.99,High,Medium
Karnataka,2021,7,164,9035.28,2493.19,27.59,High,Low
Karnataka,2021,8,164,19652.17,5049.68,25.7,High,Medium
Karnataka,2021,9,164,7190.48,1920.64,26.71,High,Low
Karnataka,2021,10,164,4919.59,1366.86,27.78,High,Low
Karnataka,2021,11,164,4624.31,1189.56,25.72,High,Medium
Karnataka,2021,12,164,11803.72,2865.3,24.27,High,Medium
Karnataka,2022,1,164,16130.92,4363.94,27.05,High,Low
Karnataka,2022,2,164,4297.18,1098.95,25.57,High,Medium
Karnataka,2022,3,164,11368.71,2857.38,25.13,High,Medium
Karnataka,2022,4,164,8895.4,2605.35,29.29,High,Low
Karnataka,2022,5,164,8249.51,2283.75,27.68,High,Low
Karnataka,2022,6,164,8760.94,2151.13,24.55,High,Medium
Karnataka,2022,7,164,2908.93,770.96,26.5,Medium,Medium
Karnataka,2022,8,164,3699.82,1034.14,27.95,Medium,Low
Karnataka,2022,9,164,3597.16,867.02,24.1,Medium,Medium
Karnataka,2022,10,164,12880.2,3368.44,26.15,High,Medium
Karnataka,2022,11,164,6935.12,1817.93,26.21,High,Medium
Karnataka,2022,12,164,6255.88,1525.91,24.39,High,Medium
Karnataka,2023,1,164,7386.55,1951.87,26.42,High,Medium
Karnataka,2023,2,164,13784.28,4005.62,29.06,High,Low
Karnataka,2023,3,164,16099.17,4257.58,26.45,High,Medium
Karnataka,2023,4,164,6697.02,1729.63,25.83,High,Medium
Karnataka,2023,5,164,551.7,131.78,23.89,Low,Medium
Karnataka,2023,6,164,18705.95,4670.81,24.97,High,Medium
Karnataka,2023,7,164,2856.92,736.86,25.79,Medium,Medium
Karnataka,2023,8,164,9496.75,2376.89,25.03,High,Medium
Karnataka,2023,9,164,567.57,142.83,25.16,Low,Medium
Karnataka,2023,10,164,5703.92,1597.16,28.0,High,Low
Karnataka,2023,11,164,4306.94,1119.54,25.99,High,Medium
Karnataka,2023,12,164,16123.39,4209.81,26.11,High,Medium
Karnataka,2024,1,164,5267.07,1179.36,22.39,High,Medium
Karnataka,2024,2,164,8787.68,2182.7,24.84,High,Medium
Karnataka,2024,3,164,5750.77,1414.04,24.59,High,Medium
Karnataka,2024,4,164,6078.57,1655.52,27.24,High,Low
Karnataka,2024,5,164,8725.13,2273.4,26.06,High,Medium
Karnataka,2024,6,164,1328.62,362.78,27.3,Medium,Low
Karnataka,2024,7,164,16248.39,4707.4,28.97,High,Low
Karnataka,2024,8,164,4756.16,1193.34,25.09,High,Medium
Karnataka,2024,9,164,7590.69,1858.99,24.49,High,Medium
Karnataka,2024,10,164,26359.4,6944.84,26.35,High,Medium
Karnataka,2024,11,164,16443.23,4536.55,27.59,High,Low
Karnataka,2024,12,164,3244.84,806.94,24.87,Medium,Medium
Kerala,2017,1,103,1891.48,195.67,10.34,Medium,High
Kerala,2017,2,103,1696.77,165.38,9.75,Medium,High
Kerala,2017,3,103,2461.61,261.49,10.62,Medium,High
Kerala,2017,4,103,2579.35,260.6,10.1,Medium,High
Kerala,2017,5,103,2133.8,195.8,9.18,Medium,High
Kerala,2017,6,103,4814.1,470.87,9.78,High,High
Kerala,2017,7,103,2558.63,248.34,9.71,Medium,High
Kerala,2017,8,103,3131.89,289.71,9.25,Medium,High
Kerala,2017,9,103,2269.44,221.84,9.78,Medium,High
Kerala,2017,10,103,758.28,73.43,9.68,Medium,High
Kerala,2017,11,103,1078.31,104.05,9.65,Medium,High
Kerala,2017,12,103,612.77,58.99,9.63,Low,High
Kerala,2018,1,103,4441.98,917.58,20.66,High,High
Kerala,2018,2,103,4054.32,924.26,22.8,High,Medium
Kerala,2018,3,103,1413.47,296.32,20.96,Medium,High
Kerala,2018,4,103,3084.44,697.94,22.63,Medium,Medium
Kerala,2018,5,103,1797.19,382.68,21.29,Medium,High
Kerala,2018,6,103,621.41,129.05,20.77,Low,High
Kerala,2018,7,103,4316.29,876.98,20.32,High,High
Kerala,2018,8,103,3877.66,808.96,20.86,Medium,High
Kerala,2018,9,103,667.29,153.6,23.02,Low,Medium
Kerala,2018,10,103,2596.35,527.81,20.33,Medium,High
Kerala,2018,11,103,1029.75,244.76,23.77,Medium,Medium
Kerala,2018,12,103,388.73,80.04,20.59,Low,High
Kerala,2019,1,103,4335.46,987.73,22.78,High,Medium
Kerala,2019,2,103,2099.44,476.38,22.69,Medium,Medium
Kerala,2019,3,103,342.16,78.51,22.95,Low,Medium
Kerala,2019,4,103,1527.8,365.19,23.9,Medium,Medium
Kerala,2019,5,103,2287.64,521.97,22.82,Medium,Medium
Kerala,2019,6,103,3206.39,713.66,22.26,Medium,Medium
Kerala,2019,7,103,940.22,222.28,23.64,Medium,Medium
Kerala,2019,8,103,1355.66,267.92,19.76,Medium,High
Kerala,2019,9,103,7417.66,1619.06,21.83,High,Medium
Kerala,2019,10,103,5300.85,1142.13,21.55,High,High
Kerala,2019,11,103,5975.95,1336.54,22.37,High,Medium
Kerala,2019,12,103,2440.45,486.65,19.94,Medium,High
Kerala,2020,1,103,8481.76,2292.8,27.03,High,Low
Kerala,2020,2,103,5158.73,1366.64,26.49,High,Medium
Kerala,2020,3,103,2371.73,662.24,27.92,Medium,Low
Kerala,2020,4,103,3554.45,900.32,25.33,Medium,Medium
Kerala,2020,5,103,4996.16,1395.48,27.93,High,Low
Kerala,2020,6,103,2466.5,653.46,26.49,Medium,Medium
Kerala,2020,7,103,6157.22,1548.45,25.15,High,Medium
Kerala,2020,8,103,6951.27,1729.56,24.88,High,Medium
Kerala,2020,9,103,1913.39,558.68,29.2,Medium,Low
Kerala,2020,10,103,2357.59,622.65,26.41,Medium,Medium
Kerala,2020,11,103,1487.8,414.65,27.87,Medium,Low
Kerala,2020,12,103,3494.1,850.8,24.35,Medium,Medium
Kerala,2021,1,103,17135.42,4125.8,24.08,High,Medium
Kerala,2021,2,103,7623.59,1991.29,26.12,High,Medium
Kerala,2021,3,103,5449.87,1448.49,26.58,High,Medium
Kerala,2021,4,103,4331.57,1130.33,26.1,High,Medium
Kerala,2021,5,103,1337.98,326.0,24.37,Medium,Medium
Kerala,2021,6,103,3924.79,1098.74,27.99,Medium,Low
Kerala,2021,7,103,2124.86,589.53,27.74,Medium,Low
Kerala,2021,8,103,5171.06,1509.15,29.18,High,Low
Kerala,2021,9,103,65.57,19.39,29.57,Low,Low
Kerala,2021,10,103,2937.2,733.85,24.98,Medium,Medium
Kerala,2021,11,103,2302.92,601.07,26.1,Medium,Medium
Kerala,2021,12,103,6327.0,1890.44,29.88,High,Low
Kerala,2022,1,103,3634.28,1066.1,29.33,Medium,Low
Kerala,2022,2,103,12221.93,3242.12,26.53,High,Medium
Kerala,2022,3,103,5107.21,1381.76,27.06,High,Low
Kerala,2022,4,103,787.71,219.21,27.83,Medium,Low
Kerala,2022,5,103,9228.7,2463.58,26.69,High,Low
Kerala,2022,6,103,795.8,227.51,28.59,Medium,Low
Kerala,2022,7,103,1261.7,343.87,27.25,Medium,Low
Kerala,2022,8,103,9755.78,2481.04,25.43,High,Medium
Kerala,2022,9,103,3528.14,921.48,26.12,Medium,Medium
Kerala,2022,10,103,2284.78,535.63,23.44,Medium,Medium
Kerala,2022,11,103,6169.08,1557.06,25.24,High,Medium
Kerala,2022,12,103,4248.75,1101.64,25.93,High,Medium
Kerala,2023,1,103,7711.23,2127.39,27.59,High,Low
Kerala,2023,2,103,8882.23,2367.39,26.65,High,Medium
Kerala,2023,3,103,4103.65,1046.67,25.51,High,Medium
Kerala,2023,4,103,6450.17,1709.23,26.5,High,Medium
Kerala,2023,5,103,591.27,150.44,25.44,Low,Medium
Kerala,2023,6,103,4677.2,1179.77,25.22,High,Medium
Kerala,2023,7,103,3356.75,913.27,27.21,Medium,Low
Kerala,2023,8,103,566.79,148.08,26.13,Low,Medium
Kerala,2023,9,103,4793.89,1337.18,27.89,High,Low
Kerala,2023,10,103,4921.44,1266.1,25.73,High,Medium
Kerala,2023,11,103,6795.75,1757.34,25.86,High,Medium
Kerala,2023,12,103,11386.56,2910.74,25.56,High,Medium
Kerala,2024,1,103,2682.49,707.62,26.38,Medium,Medium
Kerala,2024,2,103,2877.32,740.53,25.74,Medium,Medium
Kerala,2024,3,103,8225.28,2151.0,26.15,High,Medium
Kerala,2024,4,103,5277.64,1374.12,26.04,High,Medium
Kerala,2024,5,103,2027.07,563.0,27.77,Medium,Low
Kerala,2024,6,103,2171.64,537.87,24.77,Medium,Medium
Kerala,2024,7,103,4385.7,1104.28,25.18,High,Medium
Kerala,2024,8,103,12557.02,3457.39,27.53,High,Low
Kerala,2024,9,103,7730.18,1963.28,25.4,High,Medium
Kerala,2024,10,103,1237.9,338.64,27.36,Medium,Low
Kerala,2024,11,103,5343.51,1517.63,28.4,High,Low
Kerala,2024,12,103,14934.23,3830.81,25.65,High,Medium
Madhya Pradesh,2017,1,95,3099.89,305.46,9.85,Medium,High
Madhya Pradesh,2017,2,95,659.83,66.01,10.0,Low,High
Madhya Pradesh,2017,3,95,2693.67,263.13,9.77,Medium,High
Madhya Pradesh,2017,4,95,1103.14,104.82,9.5,Medium,High
Madhya Pradesh,2017,5,95,194.45,19.34,9.94,Low,High
Madhya Pradesh,2017,6,95,1475.09,147.32,9.99,Medium,High
Madhya Pradesh,2017,7,95,6473.42,634.86,9.81,High,High
Madhya Pradesh,2017,8,95,3856.11,357.1,9.26,Medium,High
Madhya Pradesh,2017,9,95,1837.26,179.91,9.79,Medium,High
Madhya Pradesh,2017,10,95,394.49,40.38,10.24,Low,High
Madhya Pradesh,2017,11,95,203.34,19.05,9.37,Low,High
Madhya Pradesh,2017,12,95,1977.36,211.02,10.67,Medium,High
Madhya Pradesh,2018,1,95,1271.06,278.07,21.88,Medium,Medium
Madhya Pradesh,2018,2,95,2018.62,451.24,22.35,Medium,Medium
Madhya Pradesh,2018,3,95,327.84,73.04,22.28,Low,Medium
Madhya Pradesh,2018,4,95,1247.95,282.15,22.61,Medium,Medium
Madhya Pradesh,2018,5,95,3908.06,862.53,22.07,Medium,Medium
Madhya Pradesh,2018,6,95,3127.42,661.13,21.14,Medium,High
Madhya Pradesh,2018,7,95,114.68,25.95,22.63,Low,Medium
Madhya Pradesh,2018,8,95,7013.54,1419.84,20.24,High,High
Madhya Pradesh,2018,9,95,2218.26,460.07,20.74,Medium,High
Madhya Pradesh,2018,10,95,2249.89,465.08,20.67,Medium,High
Madhya Pradesh,2018,11,95,1180.09,270.14,22.89,Medium,Medium
Madhya Pradesh,2018,12,95,1414.27,321.64,22.74,Medium,Medium
Madhya Pradesh,2019,1,95,3019.56,694.36,23.0,Medium,Medium
Madhya Pradesh,2019,2,95,4404.27,953.32,21.65,High,High
Madhya Pradesh,2019,3,95,1917.48,435.56,22.72,Medium,Medium
Madhya Pradesh,2019,4,95,3829.9,844.64,22.05,Medium,Medium
Madhya Pradesh,2019,5,95,3132.3,644.84,20.59,Medium,High
Madhya Pradesh,2019,6,95,3901.63,783.41,20.08,Medium,High
Madhya Pradesh,2019,7,95,812.12,185.61,22.86,Medium,Medium
Madhya Pradesh,2019,8,95,2575.38,565.68,21.96,Medium,Medium
Madhya Pradesh,2019,9,95,1591.53,349.73,21.97,Medium,Medium
Madhya Pradesh,2019,10,95,165.01,38.59,23.39,Low,Medium
Madhya Pradesh,2019,11,95,4912.93,1175.43,23.93,High,Medium
Madhya Pradesh,2019,12,95,4075.95,908.59,22.29,High,Medium
Madhya Pradesh,2020,1,95,2026.92,485.6,23.96,Medium,Medium
Madhya Pradesh,2020,2,95,3845.99,1031.95,26.83,Medium,Low
Madhya Pradesh,2020,3,95,3984.13,1096.26,27.52,Medium,Low
Madhya Pradesh,2020,4,95,4340.96,1231.7,28.37,High,Low
Madhya Pradesh,2020,5,95,333.81,90.35,27.07,Low,Low
Madhya Pradesh,2020,6,95,1385.46,380.76,27.48,Medium,Low
Madhya Pradesh,2020,7,95,3795.03,957.07,25.22,Medium,Medium
Madhya Pradesh,2020,8,95,7120.01,1742.3,24.47,High,Medium
Madhya Pradesh,2020,9,95,5826.83,1577.68,27.08,High,Low
Madhya Pradesh,2020,10,95,3333.52,883.87,26.51,Medium,Medium
Madhya Pradesh,2020,11,95,6247.15,1631.24,26.11,High,Medium
Madhya Pradesh,2020,12,95,3314.73,877.58,26.48,Medium,Medium
Madhya Pradesh,2021,1,95,4917.25,1336.86,27.19,High,Low
Madhya Pradesh,2021,2,95,9126.51,2316.63,25.38,High,Medium
Madhya Pradesh,2021,3,95,6992.86,1809.36,25.87,High,Medium
Madhya Pradesh,2021,4,95,5619.27,1463.74,26.05,High,Medium
Madhya Pradesh,2021,5,95,2643.14,734.84,27.8,Medium,Low
Madhya Pradesh,2021,6,95,6603.58,1908.16,28.9,High,Low
Madhya Pradesh,2021,7,95,1278.85,327.21,25.59,Medium,Medium
Madhya Pradesh,2021,8,95,4787.0,1344.93,28.1,High,Low
Madhya Pradesh,2021,9,95,3765.63,895.01,23.77,Medium,Medium
Madhya Pradesh,2021,10,95,786.96,197.28,25.07,Medium,Medium
Madhya Pradesh,2021,11,95,5268.1,1337.14,25.38,High,Medium
Madhya Pradesh,2021,12,95,2380.97,591.84,24.86,Medium,Medium
Madhya Pradesh,2022,1,95,1015.33,252.26,24.85,Medium,Medium
Madhya Pradesh,2022,2,95,6661.86,1787.65,26.83,High,Low
Madhya Pradesh,2022,3,95,8041.3,2098.64,26.1,High,Medium
Madhya Pradesh,2022,4,95,5997.98,1685.93,28.11,High,Low
Madhya Pradesh,2022,5,95,7869.62,2122.34,26.97,High,Low
Madhya Pradesh,2022,6,95,4655.63,1253.44,26.92,High,Low
Madhya Pradesh,2022,7,95,2996.42,710.12,23.7,Medium,Medium
Madhya Pradesh,2022,8,95,2144.51,566.98,26.44,Medium,Medium
Madhya Pradesh,2022,9,95,4268.85,1084.23,25.4,High,Medium
Madhya Pradesh,2022,10,95,2194.8,543.53,24.76,Medium,Medium
Madhya Pradesh,2022,11,95,6364.89,1634.51,25.68,High,Medium
Madhya Pradesh,2022,12,95,2228.3,594.28,26.67,Medium,Low
Madhya Pradesh,2023,1,95,6819.14,1868.05,27.39,High,Low
Madhya Pradesh,2023,2,95,2188.39,546.68,24.98,Medium,Medium
Madhya Pradesh,2023,3,95,8012.87,2094.93,26.14,High,Medium
Madhya Pradesh,2023,4,95,2760.14,713.62,25.85,Medium,Medium
Madhya Pradesh,2023,5,95,3976.45,991.29,24.93,Medium,Medium
Madhya Pradesh,2023,6,95,8137.39,2174.43,26.72,High,Low
Madhya Pradesh,2023,7,95,704.07,179.84,25.54,Low,Medium
Madhya Pradesh,2023,8,95,2863.57,776.28,27.11,Medium,Low
Madhya Pradesh,2023,9,95,6226.26,1546.86,24.84,High,Medium
Madhya Pradesh,2023,10,95,7217.11,2057.23,28.5,High,Low
Madhya Pradesh,2023,11,95,6405.53,1606.02,25.07,High,Medium
Madhya Pradesh,2023,12,95,3936.75,1044.68,26.54,Medium,Medium
Madhya Pradesh,2024,1,95,3345.2,884.74,26.45,Medium,Medium
Madhya Pradesh,2024,2,95,9801.35,2439.12,24.89,High,Medium
Madhya Pradesh,2024,3,95,1716.49,449.14,26.17,Medium,Medium
Madhya Pradesh,2024,4,95,14026.17,3815.13,27.2,High,Low
Madhya Pradesh,2024,5,95,5455.62,1414.51,25.93,High,Medium
Madhya Pradesh,2024,6,95,3267.49,906.25,27.74,Medium,Low
Madhya Pradesh,2024,7,95,4239.82,1166.41,27.51,High,Low
Madhya Pradesh,2024,8,95,2830.95,775.02,27.38,Medium,Low
Madhya Pradesh,2024,9,95,4522.21,1156.44,25.57,High,Medium
Madhya Pradesh,2024,10,95,1820.23,450.7,24.76,Medium,Medium
Madhya Pradesh,2024,11,95,3358.12,851.99,25.37,Medium,Medium
Madhya Pradesh,2024,12,95,9672.17,2556.44,26.43,High,Medium
Dadra & Nagar Haveli,2017,1,11,284.1,27.01,9.51,Low,High
Dadra & Nagar Haveli,2017,2,11,16.22,1.49,9.18,Low,High
Dadra & Nagar Haveli,2017,3,11,153.05,16.63,10.87,Low,High
Dadra & Nagar Haveli,2017,4,11,453.52,43.72,9.64,Low,High
Dadra & Nagar Haveli,2017,5,11,161.05,15.72,9.76,Low,High
Dadra & Nagar Haveli,2017,6,11,366.55,38.72,10.56,Low,High
Dadra & Nagar Haveli,2017,7,11,70.81,6.71,9.47,Low,High
Dadra & Nagar Haveli,2017,8,11,156.12,16.5,10.57,Low,High
Dadra & Nagar Haveli,2017,9,11,144.57,13.81,9.56,Low,High
Dadra & Nagar Haveli,2017,10,11,273.34,27.56,10.08,Low,High
Dadra & Nagar Haveli,2017,11,11,201.53,19.1,9.48,Low,High
Dadra & Nagar Haveli,2017,12,11,494.39,44.96,9.09,Low,High
Dadra & Nagar Haveli,2018,1,11,274.42,58.73,21.4,Low,High
Dadra & Nagar Haveli,2018,2,11,427.18,98.46,23.05,Low,Medium
Dadra & Nagar Haveli,2018,3,11,276.49,58.97,21.33,Low,High
Dadra & Nagar Haveli,2018,4,11,269.04,52.83,19.64,Low,High
Dadra & Nagar Haveli,2018,5,11,363.96,76.0,20.88,Low,High
Dadra & Nagar Haveli,2018,6,11,295.82,58.93,19.92,Low,High
Dadra & Nagar Haveli,2018,7,11,22.25,4.56,20.49,Low,High
Dadra & Nagar Haveli,2018,8,11,168.93,33.46,19.81,Low,High
Dadra & Nagar Haveli,2018,9,11,507.27,116.36,22.94,Low,Medium
Dadra & Nagar Haveli,2018,10,11,53.12,10.64,20.03,Low,High
Dadra & Nagar Haveli,2018,11,11,196.9,42.26,21.46,Low,High
Dadra & Nagar Haveli,2018,12,11,165.76,33.84,20.42,Low,High
Dadra & Nagar Haveli,2019,1,11,87.55,18.64,21.29,Low,High
Dadra & Nagar Haveli,2019,2,11,147.67,31.19,21.12,Low,High
Dadra & Nagar Haveli,2019,3,11,743.5,152.96,20.57,Medium,High
Dadra & Nagar Haveli,2019,4,11,405.58,87.76,21.64,Low,High
Dadra & Nagar Haveli,2019,5,11,361.06,79.73,22.08,Low,Medium
Dadra & Nagar Haveli,2019,6,11,97.93,21.98,22.44,Low,Medium
Dadra & Nagar Haveli,2019,7,11,416.56,96.76,23.23,Low,Medium
Dadra & Nagar Haveli,2019,8,11,540.16,122.93,22.76,Low,Medium
Dadra & Nagar Haveli,2019,9,11,211.37,46.42,21.96,Low,Medium
Dadra & Nagar Haveli,2019,10,11,156.79,34.42,21.95,Low,Medium
Dadra & Nagar Haveli,2019,11,11,667.95,151.89,22.74,Low,Medium
Dadra & Nagar Haveli,2019,12,11,139.88,32.99,23.58,Low,Medium
Dadra & Nagar Haveli,2020,1,11,310.08,83.48,26.92,Low,Low
Dadra & Nagar Haveli,2020,2,11,191.18,49.95,26.13,Low,Medium
Dadra & Nagar Haveli,2020,3,11,453.4,123.73,27.29,Low,Low
Dadra & Nagar Haveli,2020,4,11,427.45,113.94,26.66,Low,Medium
Dadra & Nagar Haveli,2020,5,11,713.52,185.63,26.02,Medium,Medium
Dadra & Nagar Haveli,2020,6,11,188.66,48.27,25.59,Low,Medium
Dadra & Nagar Haveli,2020,7,11,168.67,43.65,25.88,Low,Medium
Dadra & Nagar Haveli,2020,8,11,431.66,94.38,21.86,Low,Medium
Dadra & Nagar Haveli,2020,9,11,299.72,78.69,26.26,Low,Medium
Dadra & Nagar Haveli,2020,10,11,273.43,69.31,25.35,Low,Medium
Dadra & Nagar Haveli,2020,11,11,1189.96,333.8,28.05,Medium,Low
Dadra & Nagar Haveli,2020,12,11,627.0,163.07,26.01,Low,Medium
Dadra & Nagar Haveli,2021,1,11,148.37,38.92,26.23,Low,Medium
Dadra & Nagar Haveli,2021,2,11,428.78,111.5,26.0,Low,Medium
Dadra & Nagar Haveli,2021,3,11,553.99,143.12,25.83,Low,Medium
Dadra & Nagar Haveli,2021,4,11,865.08,233.01,26.94,Medium,Low
Dadra & Nagar Haveli,2021,5,11,224.66,55.17,24.56,Low,Medium
Dadra & Nagar Haveli,2021,6,11,457.63,129.25,28.24,Low,Low
Dadra & Nagar Haveli,2021,7,11,650.03,166.8,25.66,Low,Medium
Dadra & Nagar Haveli,2021,8,11,639.84,175.97,27.5,Low,Low
Dadra & Nagar Haveli,2021,9,11,1260.94,313.45,24.86,Medium,Medium
Dadra & Nagar Haveli,2021,10,11,354.41,97.22,27.43,Low,Low
Dadra & Nagar Haveli,2021,11,11,208.16,57.11,27.44,Low,Low
Dadra & Nagar Haveli,2021,12,11,480.42,129.97,27.05,Low,Low
Dadra & Nagar Haveli,2022,1,11,132.71,32.69,24.63,Low,Medium
Dadra & Nagar Haveli,2022,2,11,389.82,106.33,27.28,Low,Low
Dadra & Nagar Haveli,2022,3,11,655.54,177.94,27.14,Low,Low
Dadra & Nagar Haveli,2022,4,11,566.55,152.74,26.96,Low,Low
Dadra & Nagar Haveli,2022,5,11,513.3,140.4,27.35,Low,Low
Dadra & Nagar Haveli,2022,6,11,328.1,91.46,27.87,Low,Low
Dadra & Nagar Haveli,2022,7,11,317.2,86.61,27.3,Low,Low
Dadra & Nagar Haveli,2022,8,11,727.43,187.47,25.77,Medium,Medium
Dadra & Nagar Haveli,2022,9,11,398.26,112.23,28.18,Low,Low
Dadra & Nagar Haveli,2022,10,11,401.86,99.78,24.83,Low,Medium
Dadra & Nagar Haveli,2022,11,11,1620.16,400.02,24.69,Medium,Medium
Dadra & Nagar Haveli,2022,12,11,252.59,72.06,28.53,Low,Low
Dadra & Nagar Haveli,2023,1,11,749.8,187.63,25.02,Medium,Medium
Dadra & Nagar Haveli,2023,2,11,495.69,129.43,26.11,Low,Medium
Dadra & Nagar Haveli,2023,3,11,419.88,109.37,26.05,Low,Medium
Dadra & Nagar Haveli,2023,4,11,105.36,27.86,26.44,Low,Medium
Dadra & Nagar Haveli,2023,5,11,1328.68,348.64,26.24,Medium,Medium
Dadra & Nagar Haveli,2023,6,11,367.55,99.87,27.17,Low,Low
Dadra & Nagar Haveli,2023,7,11,830.84,227.11,27.34,Medium,Low
Dadra & Nagar Haveli,2023,8,11,257.95,63.86,24.76,Low,Medium
Dadra & Nagar Haveli,2023,9,11,651.86,177.72,27.26,Low,Low
Dadra & Nagar Haveli,2023,10,11,425.14,104.49,24.58,Low,Medium
Dadra & Nagar Haveli,2023,11,11,813.45,218.79,26.9,Medium,Low
Dadra & Nagar Haveli,2023,12,11,414.06,111.54,26.94,Low,Low
Dadra & Nagar Haveli,2024,1,11,79.53,22.15,27.85,Low,Low
Dadra & Nagar Haveli,2024,2,11,657.21,183.73,27.96,Low,Low
Dadra & Nagar Haveli,2024,3,11,1501.86,403.46,26.86,Medium,Low
Dadra & Nagar Haveli,2024,4,11,351.52,93.16,26.5,Low,Medium
Dadra & Nagar Haveli,2024,5,11,998.04,260.04,26.05,Medium,Medium
Dadra & Nagar Haveli,2024,6,11,547.34,140.05,25.59,Low,Medium
Dadra & Nagar Haveli,2024,7,11,51.29,13.22,25.77,Low,Medium
Dadra & Nagar Haveli,2024,8,11,393.8,98.01,24.89,Low,Medium
Dadra & Nagar Haveli,2024,9,11,382.47,101.69,26.59,Low,Medium
Dadra & Nagar Haveli,2024,10,11,868.62,212.31,24.44,Medium,Medium
Dadra & Nagar Haveli,2024,11,11,899.92,242.48,26.94,Medium,Low
Dadra & Nagar Haveli,2024,12,11,685.4,182.6,26.64,Low,Medium
Maharashtra,2017,1,384,5448.06,517.11,9.49,High,High
Maharashtra,2017,2,384,3155.41,336.59,10.67,Medium,High
Maharashtra,2017,3,384,28152.39,2811.0,9.98,High,High
Maharashtra,2017,4,384,12018.96,1224.32,10.19,High,High
Maharashtra,2017,5,384,2918.98,276.33,9.47,Medium,High
Maharashtra,2017,6,384,1958.87,181.6,9.27,Medium,High
Maharashtra,2017,7,384,2726.57,261.52,9.59,Medium,High
Maharashtra,2017,8,384,9513.58,933.42,9.81,High,High
Maharashtra,2017,9,384,9667.44,903.64,9.35,High,High
Maharashtra,2017,10,384,12114.29,1195.41,9.87,High,High
Maharashtra,2017,11,384,2311.36,208.93,9.04,Medium,High
Maharashtra,2017,12,384,6895.46,642.64,9.32,High,High
Maharashtra,2018,1,384,11607.5,2668.35,22.99,High,Medium
Maharashtra,2018,2,384,11100.67,2391.82,21.55,High,High
Maharashtra,2018,3,384,2850.8,622.79,21.85,Medium,Medium
Maharashtra,2018,4,384,5303.37,1205.1,22.72,High,Medium
Maharashtra,2018,5,384,4762.51,1033.34,21.7,High,Medium
Maharashtra,2018,6,384,2488.38,514.87,20.69,Medium,High
Maharashtra,2018,7,384,4671.18,969.12,20.75,High,High
Maharashtra,2018,8,384,17379.12,3732.31,21.48,High,High
Maharashtra,2018,9,384,2177.24,432.25,19.85,Medium,High
Maharashtra,2018,10,384,8430.09,1776.28,21.07,High,High
Maharashtra,2018,11,384,17639.56,3948.84,22.39,High,Medium
Maharashtra,2018,12,384,17054.88,3222.94,18.9,High,High
Maharashtra,2019,1,384,23152.66,5226.79,22.58,High,Medium
Maharashtra,2019,2,384,18252.37,3772.65,20.67,High,High
Maharashtra,2019,3,384,8527.37,1875.59,21.99,High,Medium
Maharashtra,2019,4,384,19457.61,4551.08,23.39,High,Medium
Maharashtra,2019,5,384,16763.55,3713.98,22.16,High,Medium
Maharashtra,2019,6,384,2214.35,504.23,22.77,Medium,Medium
Maharashtra,2019,7,384,9064.16,1981.27,21.86,High,Medium
Maharashtra,2019,8,384,4554.11,959.49,21.07,High,High
Maharashtra,2019,9,384,4503.9,994.25,22.08,High,Medium
Maharashtra,2019,10,384,2394.89,540.18,22.56,Medium,Medium
Maharashtra,2019,11,384,10189.56,2189.14,21.48,High,High
Maharashtra,2019,12,384,19723.54,4329.43,21.95,High,Medium
Maharashtra,2020,1,384,6575.9,1541.01,23.43,High,Medium
Maharashtra,2020,2,384,32409.42,8775.47,27.08,High,Low
Maharashtra,2020,3,384,41056.97,10688.03,26.03,High,Medium
Maharashtra,2020,4,384,14202.72,3824.01,26.92,High,Low
Maharashtra,2020,5,384,3605.25,912.92,25.32,Medium,Medium
Maharashtra,2020,6,384,4065.97,1061.97,26.12,High,Medium
Maharashtra,2020,7,384,20174.74,5470.14,27.11,High,Low
Maharashtra,2020,8,384,1175.61,355.71,30.26,Medium,Low
Maharashtra,2020,9,384,18749.6,5107.45,27.24,High,Low
Maharashtra,2020,10,384,13472.21,3377.79,25.07,High,Medium
Maharashtra,2020,11,384,12687.01,3251.39,25.63,High,Medium
Maharashtra,2020,12,384,15960.8,4084.19,25.59,High,Medium
Maharashtra,2021,1,384,1717.76,420.86,24.5,Medium,Medium
Maharashtra,2021,2,384,8521.45,2226.73,26.13,High,Medium
Maharashtra,2021,3,384,22841.4,5588.1,24.46,High,Medium
Maharashtra,2021,4,384,15890.05,4251.18,26.75,High,Low
Maharashtra,2021,5,384,31384.27,8600.36,27.4,High,Low
Maharashtra,2021,6,384,18731.01,5015.5,26.78,High,Low
Maharashtra,2021,7,384,11805.82,3053.72,25.87,High,Medium
Maharashtra,2021,8,384,7276.62,1922.2,26.42,High,Medium
Maharashtra,2021,9,384,39658.75,10822.71,27.29,High,Low
Maharashtra,2021,10,384,10640.17,2713.24,25.5,High,Medium
Maharashtra,2021,11,384,5920.29,1548.25,26.15,High,Medium
Maharashtra,2021,12,384,44573.77,11489.68,25.78,High,Medium
Maharashtra,2022,1,384,3837.29,1017.8,26.52,Medium,Medium
Maharashtra,2022,2,384,55245.2,14019.56,25.38,High,Medium
Maharashtra,2022,3,384,25644.83,6796.78,26.5,High,Medium
Maharashtra,2022,4,384,16883.72,4140.07,24.52,High,Medium
Maharashtra,2022,5,384,9531.93,2421.56,25.4,High,Medium
Maharashtra,2022,6,384,1934.99,528.09,27.29,Medium,Low
Maharashtra,2022,7,384,18995.54,5205.8,27.41,High,Low
Maharashtra,2022,8,384,32419.16,8919.62,27.51,High,Low
Maharashtra,2022,9,384,25070.68,6794.8,27.1,High,Low
Maharashtra,2022,10,384,6234.91,1631.02,26.16,High,Medium
Maharashtra,2022,11,384,6928.43,1872.37,27.02,High,Low
Maharashtra,2022,12,384,17323.51,4591.74,26.51,High,Medium
Maharashtra,2023,1,384,3173.08,757.92,23.89,Medium,Medium
Maharashtra,2023,2,384,25183.63,7016.2,27.86,High,Low
Maharashtra,2023,3,384,3480.77,888.47,25.52,Medium,Medium
Maharashtra,2023,4,384,16769.01,4230.6,25.23,High,Medium
Maharashtra,2023,5,384,33100.69,8875.64,26.81,High,Low
Maharashtra,2023,6,384,6675.1,1617.56,24.23,High,Medium
Maharashtra,2023,7,384,18014.95,4447.59,24.69,High,Medium
Maharashtra,2023,8,384,31492.09,8112.39,25.76,High,Medium
Maharashtra,2023,9,384,66563.68,17967.73,26.99,High,Low
Maharashtra,2023,10,384,17330.78,4560.89,26.32,High,Medium
Maharashtra,2023,11,384,8817.96,2291.92,25.99,High,Medium
Maharashtra,2023,12,384,8883.52,2289.55,25.77,High,Medium
Maharashtra,2024,1,384,30373.82,7801.41,25.68,High,Medium
Maharashtra,2024,2,384,26333.0,6852.5,26.02,High,Medium
Maharashtra,2024,3,384,8538.46,2240.14,26.24,High,Medium
Maharashtra,2024,4,384,24063.87,6297.14,26.17,High,Medium
Maharashtra,2024,5,384,21922.02,5833.18,26.61,High,Medium
Maharashtra,2024,6,384,5856.82,1589.53,27.14,High,Low
Maharashtra,2024,7,384,66413.29,17634.25,26.55,High,Medium
Maharashtra,2024,8,384,13780.25,3669.91,26.63,High,Medium
Maharashtra,2024,9,384,6026.69,1445.26,23.98,High,Medium
Maharashtra,2024,10,384,15801.82,4125.3,26.11,High,Medium
Maharashtra,2024,11,384,18394.56,4904.98,26.67,High,Low
Maharashtra,2024,12,384,21415.72,5780.14,26.99,High,Low
Sikkim,2017,1,22,240.54,23.81,9.9,Low,High
Sikkim,2017,2,22,248.18,24.7,9.95,Low,High
Sikkim,2017,3,22,883.19,91.31,10.34,Medium,High
Sikkim,2017,4,22,311.14,32.44,10.43,Low,High
Sikkim,2017,5,22,393.81,38.17,9.69,Low,High
Sikkim,2017,6,22,366.99,36.22,9.87,Low,High
Sikkim,2017,7,22,1737.87,166.19,9.56,Medium,High
Sikkim,2017,8,22,206.06,19.33,9.38,Low,High
Sikkim,2017,9,22,202.59,20.46,10.1,Low,High
Sikkim,2017,10,22,430.65,40.1,9.31,Low,High
Sikkim,2017,11,22,375.24,36.54,9.74,Low,High
Sikkim,2017,12,22,154.25,14.58,9.45,Low,High
Sikkim,2018,1,22,639.14,131.68,20.6,Low,High
Sikkim,2018,2,22,1349.91,290.41,21.51,Medium,High
Sikkim,2018,3,22,389.02,84.45,21.71,Low,Medium
Sikkim,2018,4,22,434.46,88.79,20.44,Low,High
Sikkim,2018,5,22,506.1,104.7,20.69,Low,High
Sikkim,2018,6,22,297.27,63.42,21.33,Low,High
Sikkim,2018,7,22,876.38,183.08,20.89,Medium,High
Sikkim,2018,8,22,317.87,70.27,22.11,Low,Medium
Sikkim,2018,9,22,504.3,119.12,23.62,Low,Medium
Sikkim,2018,10,22,250.73,48.28,19.26,Low,High
Sikkim,2018,11,22,415.64,92.89,22.35,Low,Medium
Sikkim,2018,12,22,61.48,13.01,21.17,Low,High
Sikkim,2019,1,22,1200.57,247.96,20.65,Medium,High
Sikkim,2019,2,22,519.8,111.88,21.52,Low,High
Sikkim,2019,3,22,179.9,39.83,22.14,Low,Medium
Sikkim,2019,4,22,625.46,150.48,24.06,Low,Medium
Sikkim,2019,5,22,691.43,140.23,20.28,Low,High
Sikkim,2019,6,22,595.19,137.58,23.12,Low,Medium
Sikkim,2019,7,22,314.39,69.17,22.0,Low,Medium
Sikkim,2019,8,22,1493.04,339.19,22.72,Medium,Medium
Sikkim,2019,9,22,483.94,104.98,21.69,Low,Medium
Sikkim,2019,10,22,180.91,37.78,20.89,Low,High
Sikkim,2019,11,22,737.89,166.93,22.62,Medium,Medium
Sikkim,2019,12,22,929.45,209.29,22.52,Medium,Medium
Sikkim,2020,1,22,1443.74,398.91,27.63,Medium,Low
Sikkim,2020,2,22,729.88,185.99,25.48,Medium,Medium
Sikkim,2020,3,22,1311.51,320.66,24.45,Medium,Medium
Sikkim,2020,4,22,1007.06,273.4,27.15,Medium,Low
Sikkim,2020,5,22,311.91,86.99,27.89,Low,Low
Sikkim,2020,6,22,470.6,139.25,29.59,Low,Low
Sikkim,2020,7,22,362.04,89.16,24.63,Low,Medium
Sikkim,2020,8,22,260.88,70.74,27.12,Low,Low
Sikkim,2020,9,22,143.82,36.91,25.66,Low,Medium
Sikkim,2020,10,22,2601.21,708.2,27.23,Medium,Low
Sikkim,2020,11,22,904.27,219.5,24.27,Medium,Medium
Sikkim,2020,12,22,1002.55,246.08,24.55,Medium,Medium
Sikkim,2021,1,22,351.03,97.49,27.77,Low,Low
Sikkim,2021,2,22,729.31,199.59,27.37,Medium,Low
Sikkim,2021,3,22,1390.07,365.42,26.29,Medium,Medium
Sikkim,2021,4,22,1057.18,296.76,28.07,Medium,Low
Sikkim,2021,5,22,221.41,58.58,26.46,Low,Medium
Sikkim,2021,6,22,1696.56,432.56,25.5,Medium,Medium
Sikkim,2021,7,22,1909.35,489.17,25.62,Medium,Medium
Sikkim,2021,8,22,959.06,242.9,25.33,Medium,Medium
Sikkim,2021,9,22,1657.37,435.35,26.27,Medium,Medium
Sikkim,2021,10,22,600.4,169.75,28.27,Low,Low
Sikkim,2021,11,22,1127.28,288.11,25.56,Medium,Medium
Sikkim,2021,12,22,845.64,227.32,26.88,Medium,Low
Sikkim,2022,1,22,678.53,183.41,27.03,Low,Low
Sikkim,2022,2,22,961.59,271.94,28.28,Medium,Low
Sikkim,2022,3,22,269.07,69.04,25.66,Low,Medium
Sikkim,2022,4,22,993.7,258.6,26.02,Medium,Medium
Sikkim,2022,5,22,1401.74,364.51,26.0,Medium,Medium
Sikkim,2022,6,22,390.19,99.96,25.62,Low,Medium
Sikkim,2022,7,22,2484.32,651.51,26.22,Medium,Medium
Sikkim,2022,8,22,1388.46,384.83,27.72,Medium,Low
Sikkim,2022,9,22,770.31,194.75,25.28,Medium,Medium
Sikkim,2022,10,22,1396.12,380.57,27.26,Medium,Low
Sikkim,2022,11,22,1677.04,409.48,24.42,Medium,Medium
Sikkim,2022,12,22,196.0,50.84,25.94,Low,Medium
Sikkim,2023,1,22,778.7,206.95,26.58,Medium,Medium
Sikkim,2023,2,22,2988.48,741.82,24.82,Medium,Medium
Sikkim,2023,3,22,815.32,233.67,28.66,Medium,Low
Sikkim,2023,4,22,81.77,21.61,26.42,Low,Medium
Sikkim,2023,5,22,1580.79,413.78,26.18,Medium,Medium
Sikkim,2023,6,22,1342.04,388.7,28.96,Medium,Low
Sikkim,2023,7,22,1154.52,290.53,25.16,Medium,Medium
Sikkim,2023,8,22,2234.29,565.75,25.32,Medium,Medium
Sikkim,2023,9,22,196.96,49.95,25.36,Low,Medium
Sikkim,2023,10,22,457.6,122.36,26.74,Low,Low
Sikkim,2023,11,22,980.75,268.83,27.41,Medium,Low
Sikkim,2023,12,22,1109.29,308.65,27.82,Medium,Low
Sikkim,2024,1,22,1679.95,467.57,27.83,Medium,Low
Sikkim,2024,2,22,680.38,176.33,25.92,Low,Medium
Sikkim,2024,3,22,486.06,131.34,27.02,Low,Low
Sikkim,2024,4,22,3203.35,859.82,26.84,Medium,Low
Sikkim,2024,5,22,1956.53,502.26,25.67,Medium,Medium
Sikkim,2024,6,22,1103.78,282.68,25.61,Medium,Medium
Sikkim,2024,7,22,2660.56,655.89,24.65,Medium,Medium
Sikkim,2024,8,22,306.64,83.31,27.17,Low,Low
Sikkim,2024,9,22,90.88,22.79,25.08,Low,Medium
Sikkim,2024,10,22,1172.87,313.9,26.76,Medium,Low
Sikkim,2024,11,22,1214.49,334.6,27.55,Medium,Low
Sikkim,2024,12,22,278.48,75.29,27.04,Low,Low
Odisha,2017,1,81,823.87,78.18,9.49,Medium,High
Odisha,2017,2,81,1300.68,116.99,8.99,Medium,High
Odisha,2017,3,81,3278.61,312.5,9.53,Medium,High
Odisha,2017,4,81,792.07,75.76,9.57,Medium,High
Odisha,2017,5,81,2823.83,280.2,9.92,Medium,High
Odisha,2017,6,81,1121.15,108.75,9.7,Medium,High
Odisha,2017,7,81,949.69,96.96,10.21,Medium,High
Odisha,2017,8,81,515.37,49.31,9.57,Low,High
Odisha,2017,9,81,2913.6,286.75,9.84,Medium,High
Odisha,2017,10,81,1426.0,149.08,10.45,Medium,High
Odisha,2017,11,81,2983.23,299.48,10.04,Medium,High
Odisha,2017,12,81,1507.81,148.37,9.84,Medium,High
Odisha,2018,1,81,1065.98,200.71,18.83,Medium,High
Odisha,2018,2,81,1035.68,216.05,20.86,Medium,High
Odisha,2018,3,81,3020.33,640.0,21.19,Medium,High
Odisha,2018,4,81,1482.39,313.43,21.14,Medium,High
Odisha,2018,5,81,2245.18,461.21,20.54,Medium,High
Odisha,2018,6,81,456.76,95.98,21.01,Low,High
Odisha,2018,7,81,5284.8,1187.26,22.47,High,Medium
Odisha,2018,8,81,643.75,137.0,21.28,Low,High
Odisha,2018,9,81,1040.08,213.15,20.49,Medium,High
Odisha,2018,10,81,1415.66,288.24,20.36,Medium,High
Odisha,2018,11,81,1719.73,356.09,20.71,Medium,High
Odisha,2018,12,81,2836.24,640.77,22.59,Medium,Medium
Odisha,2019,1,81,1478.15,333.81,22.58,Medium,Medium
Odisha,2019,2,81,1683.5,383.93,22.81,Medium,Medium
Odisha,2019,3,81,5839.66,1288.51,22.06,High,Medium
Odisha,2019,4,81,2378.41,530.9,22.32,Medium,Medium
Odisha,2019,5,81,2898.35,646.75,22.31,Medium,Medium
Odisha,2019,6,81,929.91,198.1,21.3,Medium,High
Odisha,2019,7,81,1249.33,250.65,20.06,Medium,High
Odisha,2019,8,81,1255.46,259.33,20.66,Medium,High
Odisha,2019,9,81,6216.38,1360.27,21.88,High,Medium
Odisha,2019,10,81,1544.94,326.47,21.13,Medium,High
Odisha,2019,11,81,983.67,207.89,21.13,Medium,High
Odisha,2019,12,81,2819.97,676.11,23.98,Medium,Medium
Odisha,2020,1,81,5186.94,1397.41,26.94,High,Low
Odisha,2020,2,81,6374.59,1738.7,27.28,High,Low
Odisha,2020,3,81,638.61,181.33,28.39,Low,Low
Odisha,2020,4,81,4106.84,1063.28,25.89,High,Medium
Odisha,2020,5,81,4459.74,1188.49,26.65,High,Medium
Odisha,2020,6,81,1496.96,398.53,26.62,Medium,Medium
Odisha,2020,7,81,1621.48,434.86,26.82,Medium,Low
Odisha,2020,8,81,1343.94,366.19,27.25,Medium,Low
Odisha,2020,9,81,1698.25,431.96,25.44,Medium,Medium
Odisha,2020,10,81,2467.21,679.06,27.52,Medium,Low
Odisha,2020,11,81,2608.59,638.85,24.49,Medium,Medium
Odisha,2020,12,81,6838.07,1701.3,24.88,High,Medium
Odisha,2021,1,81,11737.98,3181.99,27.11,High,Low
Odisha,2021,2,81,2335.36,671.87,28.77,Medium,Low
Odisha,2021,3,81,577.58,152.68,26.43,Low,Medium
Odisha,2021,4,81,2091.3,534.3,25.55,Medium,Medium
Odisha,2021,5,81,7612.76,2022.96,26.57,High,Medium
Odisha,2021,6,81,2741.58,701.09,25.57,Medium,Medium
Odisha,2021,7,81,4969.14,1304.59,26.25,High,Medium
Odisha,2021,8,81,2991.19,734.09,24.54,Medium,Medium
Odisha,2021,9,81,768.82,200.83,26.12,Medium,Medium
Odisha,2021,10,81,3072.86,783.83,25.51,Medium,Medium
Odisha,2021,11,81,5433.72,1340.25,24.67,High,Medium
Odisha,2021,12,81,1854.85,532.6,28.71,Medium,Low
Odisha,2022,1,81,1183.34,304.91,25.77,Medium,Medium
Odisha,2022,2,81,877.67,212.77,24.24,Medium,Medium
Odisha,2022,3,81,3206.63,866.62,27.03,Medium,Low
Odisha,2022,4,81,9154.68,2450.13,26.76,High,Low
Odisha,2022,5,81,4227.97,1086.74,25.7,High,Medium
Odisha,2022,6,81,1835.3,518.37,28.24,Medium,Low
Odisha,2022,7,81,79.49,20.13,25.32,Low,Medium
Odisha,2022,8,81,7061.12,1829.38,25.91,High,Medium
Odisha,2022,9,81,8650.37,2347.08,27.13,High,Low
Odisha,2022,10,81,1654.79,434.03,26.23,Medium,Medium
Odisha,2022,11,81,4202.81,1022.12,24.32,High,Medium
Odisha,2022,12,81,4282.67,1129.28,26.37,High,Medium
Odisha,2023,1,81,2840.43,769.67,27.1,Medium,Low
Odisha,2023,2,81,8134.9,2213.66,27.21,High,Low
Odisha,2023,3,81,4283.42,1158.52,27.05,High,Low
Odisha,2023,4,81,3490.68,893.22,25.59,Medium,Medium
Odisha,2023,5,81,3063.79,737.61,24.08,Medium,Medium
Odisha,2023,6,81,3078.4,852.88,27.71,Medium,Low
Odisha,2023,7,81,630.02,168.4,26.73,Low,Low
Odisha,2023,8,81,11985.69,3063.39,25.56,High,Medium
Odisha,2023,9,81,3694.84,985.73,26.68,Medium,Low
Odisha,2023,10,81,1971.24,513.92,26.07,Medium,Medium
Odisha,2023,11,81,5232.65,1448.72,27.69,High,Low
Odisha,2023,12,81,2110.36,495.25,23.47,Medium,Medium
Odisha,2024,1,81,3053.17,827.86,27.11,Medium,Low
Odisha,2024,2,81,2531.65,668.12,26.39,Medium,Medium
Odisha,2024,3,81,11712.92,3180.34,27.15,High,Low
Odisha,2024,4,81,3673.6,963.48,26.23,Medium,Medium
Odisha,2024,5,81,4501.41,1037.61,23.05,High,Medium
Odisha,2024,6,81,1957.54,542.65,27.72,Medium,Low
Odisha,2024,7,81,2098.02,606.03,28.89,Medium,Low
Odisha,2024,8,81,10529.97,2933.37,27.86,High,Low
Odisha,2024,9,81,2385.82,514.02,21.54,Medium,High
Odisha,2024,10,81,4248.16,1137.11,26.77,High,Low
Odisha,2024,11,81,998.16,255.19,25.57,Medium,Medium
Odisha,2024,12,81,6925.57,1714.61,24.76,High,Medium
Puducherry,2017,1,23,781.2,79.18,10.14,Medium,High
Puducherry,2017,2,23,305.44,29.15,9.54,Low,High
Puducherry,2017,3,23,539.18,52.83,9.8,Low,High
Puducherry,2017,4,23,443.59,39.22,8.84,Low,High
Puducherry,2017,5,23,164.87,16.66,10.1,Low,High
Puducherry,2017,6,23,216.43,23.79,10.99,Low,High
Puducherry,2017,7,23,622.65,59.54,9.56,Low,High
Puducherry,2017,8,23,910.26,91.19,10.02,Medium,High
Puducherry,2017,9,23,276.32,28.33,10.25,Low,High
Puducherry,2017,10,23,513.01,53.68,10.46,Low,High
Puducherry,2017,11,23,374.72,36.36,9.7,Low,High
Puducherry,2017,12,23,655.11,58.62,8.95,Low,High
Puducherry,2018,1,23,500.94,103.56,20.67,Low,High
Puducherry,2018,2,23,746.83,157.53,21.09,Medium,High
Puducherry,2018,3,23,549.94,112.86,20.52,Low,High
Puducherry,2018,4,23,570.45,126.76,22.22,Low,Medium
Puducherry,2018,5,23,332.42,76.14,22.91,Low,Medium
Puducherry,2018,6,23,287.12,56.19,19.57,Low,High
Puducherry,2018,7,23,1236.38,264.79,21.42,Medium,High
Puducherry,2018,8,23,283.6,68.34,24.1,Low,Medium
Puducherry,2018,9,23,132.58,28.06,21.16,Low,High
Puducherry,2018,10,23,454.75,95.46,20.99,Low,High
Puducherry,2018,11,23,393.61,81.92,20.81,Low,High
Puducherry,2018,12,23,828.31,177.12,21.38,Medium,High
Puducherry,2019,1,23,1215.39,269.37,22.16,Medium,Medium
Puducherry,2019,2,23,702.54,145.9,20.77,Low,High
Puducherry,2019,3,23,298.01,76.63,25.71,Low,Medium
Puducherry,2019,4,23,687.69,151.86,22.08,Low,Medium
Puducherry,2019,5,23,225.59,51.27,22.73,Low,Medium
Puducherry,2019,6,23,609.7,133.37,21.88,Low,Medium
Puducherry,2019,7,23,278.13,60.71,21.83,Low,Medium
Puducherry,2019,8,23,462.79,100.14,21.64,Low,High
Puducherry,2019,9,23,1294.5,300.32,23.2,Medium,Medium
Puducherry,2019,10,23,728.73,152.55,20.93,Medium,High
Puducherry,2019,11,23,1037.17,237.85,22.93,Medium,Medium
Puducherry,2019,12,23,773.18,155.12,20.06,Medium,High
Puducherry,2020,1,23,815.15,226.07,27.73,Medium,Low
Puducherry,2020,2,23,928.42,244.83,26.37,Medium,Medium
Puducherry,2020,3,23,2434.29,564.12,23.17,Medium,Medium
Puducherry,2020,4,23,610.71,157.07,25.72,Low,Medium
Puducherry,2020,5,23,2248.47,668.5,29.73,Medium,Low
Puducherry,2020,6,23,129.79,33.6,25.89,Low,Medium
Puducherry,2020,7,23,528.2,145.97,27.64,Low,Low
Puducherry,2020,8,23,611.08,171.59,28.08,Low,Low
Puducherry,2020,9,23,962.79,254.93,26.48,Medium,Medium
Puducherry,2020,10,23,383.02,96.1,25.09,Low,Medium
Puducherry,2020,11,23,828.01,190.46,23.0,Medium,Medium
Puducherry,2020,12,23,549.05,148.72,27.09,Low,Low
Puducherry,2021,1,23,491.54,135.17,27.5,Low,Low
Puducherry,2021,2,23,1140.86,289.77,25.4,Medium,Medium
Puducherry,2021,3,23,1024.66,256.14,25.0,Medium,Medium
Puducherry,2021,4,23,1220.8,294.78,24.15,Medium,Medium
Puducherry,2021,5,23,604.25,169.12,27.99,Low,Low
Puducherry,2021,6,23,182.61,47.99,26.28,Low,Medium
Puducherry,2021,7,23,1127.76,349.26,30.97,Medium,Low
Puducherry,2021,8,23,2465.62,632.97,25.67,Medium,Medium
Puducherry,2021,9,23,365.17,94.1,25.77,Low,Medium
Puducherry,2021,10,23,1776.84,466.44,26.25,Medium,Medium
Puducherry,2021,11,23,131.05,35.83,27.34,Low,Low
Puducherry,2021,12,23,2583.71,681.58,26.38,Medium,Medium
Puducherry,2022,1,23,1797.12,502.08,27.94,Medium,Low
Puducherry,2022,2,23,482.91,120.64,24.98,Low,Medium
Puducherry,2022,3,23,89.37,21.58,24.14,Low,Medium
Puducherry,2022,4,23,752.04,201.31,26.77,Medium,Low
Puducherry,2022,5,23,2667.4,672.05,25.19,Medium,Medium
Puducherry,2022,6,23,2643.42,705.54,26.69,Medium,Low
Puducherry,2022,7,23,719.81,166.36,23.11,Medium,Medium
Puducherry,2022,8,23,698.39,196.23,28.1,Low,Low
Puducherry,2022,9,23,662.34,179.84,27.15,Low,Low
Puducherry,2022,10,23,637.58,154.92,24.3,Low,Medium
Puducherry,2022,11,23,675.78,164.39,24.33,Low,Medium
Puducherry,2022,12,23,1353.93,385.39,28.46,Medium,Low
Puducherry,2023,1,23,497.32,130.05,26.15,Low,Medium
Puducherry,2023,2,23,452.67,118.18,26.11,Low,Medium
Puducherry,2023,3,23,781.38,206.18,26.39,Medium,Medium
Puducherry,2023,4,23,1558.41,375.48,24.09,Medium,Medium
Puducherry,2023,5,23,1304.12,324.69,24.9,Medium,Medium
Puducherry,2023,6,23,1874.39,519.07,27.69,Medium,Low
Puducherry,2023,7,23,964.68,256.01,26.54,Medium,Medium
Puducherry,2023,8,23,1974.14,508.15,25.74,Medium,Medium
Puducherry,2023,9,23,831.11,223.58,26.9,Medium,Low
Puducherry,2023,10,23,1936.61,521.48,26.93,Medium,Low
Puducherry,2023,11,23,815.03,235.36,28.88,Medium,Low
Puducherry,2023,12,23,1354.31,358.59,26.48,Medium,Medium
Puducherry,2024,1,23,527.51,131.99,25.02,Low,Medium
Puducherry,2024,2,23,226.6,64.43,28.43,Low,Low
Puducherry,2024,3,23,649.47,182.07,28.03,Low,Low
Puducherry,2024,4,23,3067.51,786.08,25.63,Medium,Medium
Puducherry,2024,5,23,1858.14,460.59,24.79,Medium,Medium
Puducherry,2024,6,23,1493.46,379.92,25.44,Medium,Medium
Puducherry,2024,7,23,90.03,23.89,26.54,Low,Medium
Puducherry,2024,8,23,3152.12,860.46,27.3,Medium,Low
Puducherry,2024,9,23,286.25,75.1,26.24,Low,Medium
Puducherry,2024,10,23,394.99,110.87,28.07,Low,Low
Puducherry,2024,11,23,2380.52,628.46,26.4,Medium,Medium
Puducherry,2024,12,23,1381.65,379.46,27.46,Medium,Low
Punjab,2017,1,83,1248.56,121.6,9.74,Medium,High
Punjab,2017,2,83,791.0,78.49,9.92,Medium,High
Punjab,2017,3,83,4090.43,409.74,10.02,High,High
Punjab,2017,4,83,1172.54,111.26,9.49,Medium,High
Punjab,2017,5,83,306.06,27.41,8.96,Low,High
Punjab,2017,6,83,2071.41,187.51,9.05,Medium,High
Punjab,2017,7,83,2601.42,267.34,10.28,Medium,High
Punjab,2017,8,83,2239.66,213.28,9.52,Medium,High
Punjab,2017,9,83,1142.08,117.28,10.27,Medium,High
Punjab,2017,10,83,1861.53,180.2,9.68,Medium,High
Punjab,2017,11,83,99.85,9.79,9.8,Low,High
Punjab,2017,12,83,3315.96,327.88,9.89,Medium,High
Punjab,2018,1,83,673.47,136.71,20.3,Low,High
Punjab,2018,2,83,3846.23,848.17,22.05,Medium,Medium
Punjab,2018,3,83,2394.63,515.75,21.54,Medium,High
Punjab,2018,4,83,2960.8,656.51,22.17,Medium,Medium
Punjab,2018,5,83,714.59,150.57,21.07,Medium,High
Punjab,2018,6,83,911.32,192.59,21.13,Medium,High
Punjab,2018,7,83,1330.54,305.67,22.97,Medium,Medium
Punjab,2018,8,83,1621.86,315.92,19.48,Medium,High
Punjab,2018,9,83,433.17,96.34,22.24,Low,Medium
Punjab,2018,10,83,2008.59,423.73,21.1,Medium,High
Punjab,2018,11,83,2917.2,609.82,20.9,Medium,High
Punjab,2018,12,83,2983.47,615.4,20.63,Medium,High
Punjab,2019,1,83,2259.25,508.31,22.5,Medium,Medium
Punjab,2019,2,83,240.15,52.35,21.8,Low,Medium
Punjab,2019,3,83,1227.67,239.32,19.49,Medium,High
Punjab,2019,4,83,2898.73,628.49,21.68,Medium,Medium
Punjab,2019,5,83,917.82,195.54,21.3,Medium,High
Punjab,2019,6,83,3674.81,813.39,22.13,Medium,Medium
Punjab,2019,7,83,357.53,72.13,20.17,Low,High
Punjab,2019,8,83,3577.19,784.76,21.94,Medium,Medium
Punjab,2019,9,83,3570.5,752.09,21.06,Medium,High
Punjab,2019,10,83,7758.33,1764.44,22.74,High,Medium
Punjab,2019,11,83,1505.24,358.37,23.81,Medium,Medium
Punjab,2019,12,83,2013.41,453.11,22.5,Medium,Medium
Punjab,2020,1,83,4008.0,1130.31,28.2,High,Low
Punjab,2020,2,83,2931.15,776.97,26.51,Medium,Medium
Punjab,2020,3,83,4714.0,1216.45,25.81,High,Medium
Punjab,2020,4,83,3234.14,864.56,26.73,Medium,Low
Punjab,2020,5,83,2266.4,646.42,28.52,Medium,Low
Punjab,2020,6,83,5173.61,1278.95,24.72,High,Medium
Punjab,2020,7,83,1868.42,477.68,25.57,Medium,Medium
Punjab,2020,8,83,4278.84,1087.79,25.42,High,Medium
Punjab,2020,9,83,642.08,168.93,26.31,Low,Medium
Punjab,2020,10,83,8440.87,2216.2,26.26,High,Medium
Punjab,2020,11,83,1450.13,398.14,27.46,Medium,Low
Punjab,2020,12,83,792.63,209.88,26.48,Medium,Medium
Punjab,2021,1,83,5137.32,1335.74,26.0,High,Medium
Punjab,2021,2,83,3603.44,925.88,25.69,Medium,Medium
Punjab,2021,3,83,1908.26,526.54,27.59,Medium,Low
Punjab,2021,4,83,1434.88,372.4,25.95,Medium,Medium
Punjab,2021,5,83,4382.61,1205.27,27.5,High,Low
Punjab,2021,6,83,4883.85,1216.6,24.91,High,Medium
Punjab,2021,7,83,2215.45,584.21,26.37,Medium,Medium
Punjab,2021,8,83,2501.23,646.31,25.84,Medium,Medium
Punjab,2021,9,83,4875.17,1373.47,28.17,High,Low
Punjab,2021,10,83,1862.55,514.15,27.6,Medium,Low
Punjab,2021,11,83,8483.58,2147.9,25.32,High,Medium
Punjab,2021,12,83,6039.24,1612.9,26.71,High,Low
Punjab,2022,1,83,1812.06,481.18,26.55,Medium,Medium
Punjab,2022,2,83,7804.36,2136.96,27.38,High,Low
Punjab,2022,3,83,9418.73,2685.61,28.51,High,Low
Punjab,2022,4,83,4423.43,1115.2,25.21,High,Medium
Punjab,2022,5,83,2235.67,532.93,23.84,Medium,Medium
Punjab,2022,6,83,1760.17,481.13,27.33,Medium,Low
Punjab,2022,7,83,1231.12,329.79,26.79,Medium,Low
Punjab,2022,8,83,7430.38,1861.26,25.05,High,Medium
Punjab,2022,9,83,2188.06,544.54,24.89,Medium,Medium
Punjab,2022,10,83,2365.46,585.6,24.76,Medium,Medium
Punjab,2022,11,83,3407.23,859.81,25.23,Medium,Medium
Punjab,2022,12,83,3486.25,909.32,26.08,Medium,Medium
Punjab,2023,1,83,2588.06,639.84,24.72,Medium,Medium
Punjab,2023,2,83,3667.46,920.18,25.09,Medium,Medium
Punjab,2023,3,83,1846.46,523.01,28.32,Medium,Low
Punjab,2023,4,83,4636.58,1232.01,26.57,High,Medium
Punjab,2023,5,83,7642.88,2117.13,27.7,High,Low
Punjab,2023,6,83,11599.83,2941.54,25.36,High,Medium
Punjab,2023,7,83,2482.13,649.86,26.18,Medium,Medium
Punjab,2023,8,83,3657.35,1025.75,28.05,Medium,Low
Punjab,2023,9,83,5735.05,1498.26,26.12,High,Medium
Punjab,2023,10,83,3045.91,846.54,27.79,Medium,Low
Punjab,2023,11,83,1190.08,319.23,26.82,Medium,Low
Punjab,2023,12,83,3671.94,916.05,24.95,Medium,Medium
Punjab,2024,1,83,3704.46,958.75,25.88,Medium,Medium
Punjab,2024,2,83,7861.01,2239.73,28.49,High,Low
Punjab,2024,3,83,1412.48,329.41,23.32,Medium,Medium
Punjab,2024,4,83,100.9,25.29,25.07,Low,Medium
Punjab,2024,5,83,3333.9,881.34,26.44,Medium,Medium
Punjab,2024,6,83,2948.57,697.36,23.65,Medium,Medium
Punjab,2024,7,83,2803.94,687.6,24.52,Medium,Medium
Punjab,2024,8,83,2364.76,575.08,24.32,Medium,Medium
Punjab,2024,9,83,1381.25,349.68,25.32,Medium,Medium
Punjab,2024,10,83,15130.94,4167.45,27.54,High,Low
Punjab,2024,11,83,12215.91,3143.94,25.74,High,Medium
Punjab,2024,12,83,2706.44,679.84,25.12,Medium,Medium
Rajasthan,2017,1,118,1661.01,159.66,9.61,Medium,High
Rajasthan,2017,2,118,5827.97,592.04,10.16,High,High
Rajasthan,2017,3,118,448.49,45.65,10.18,Low,High
Rajasthan,2017,4,118,2377.88,243.26,10.23,Medium,High
Rajasthan,2017,5,118,2210.33,200.53,9.07,Medium,High
Rajasthan,2017,6,118,1323.03,137.74,10.41,Medium,High
Rajasthan,2017,7,118,1489.96,143.48,9.63,Medium,High
Rajasthan,2017,8,118,3475.64,338.34,9.73,Medium,High
Rajasthan,2017,9,118,927.02,104.0,11.22,Medium,High
Rajasthan,2017,10,118,2322.42,233.67,10.06,Medium,High
Rajasthan,2017,11,118,4317.8,419.71,9.72,High,High
Rajasthan,2017,12,118,3389.3,298.9,8.82,Medium,High
Rajasthan,2018,1,118,5962.85,1246.13,20.9,High,High
Rajasthan,2018,2,118,660.74,141.52,21.42,Low,High
Rajasthan,2018,3,118,966.62,215.55,22.3,Medium,Medium
Rajasthan,2018,4,118,1817.3,384.04,21.13,Medium,High
Rajasthan,2018,5,118,2097.7,420.35,20.04,Medium,High
Rajasthan,2018,6,118,2990.49,639.63,21.39,Medium,High
Rajasthan,2018,7,118,1433.82,307.54,21.45,Medium,High
Rajasthan,2018,8,118,2643.05,568.96,21.53,Medium,High
Rajasthan,2018,9,118,4638.7,1034.86,22.31,High,Medium
Rajasthan,2018,10,118,3406.86,763.64,22.41,Medium,Medium
Rajasthan,2018,11,118,1770.0,366.3,20.69,Medium,High
Rajasthan,2018,12,118,4020.47,831.08,20.67,High,High
Rajasthan,2019,1,118,1113.7,238.49,21.41,Medium,High
Rajasthan,2019,2,118,4681.53,1007.41,21.52,High,High
Rajasthan,2019,3,118,2346.41,499.53,21.29,Medium,High
Rajasthan,2019,4,118,7459.21,1699.97,22.79,High,Medium
Rajasthan,2019,5,118,945.22,190.52,20.16,Medium,High
Rajasthan,2019,6,118,4620.09,1022.93,22.14,High,Medium
Rajasthan,2019,7,118,2148.08,486.99,22.67,Medium,Medium
Rajasthan,2019,8,118,1740.21,387.33,22.26,Medium,Medium
Rajasthan,2019,9,118,5526.54,1325.57,23.99,High,Medium
Rajasthan,2019,10,118,6126.48,1281.63,20.92,High,High
Rajasthan,2019,11,118,349.83,78.77,22.52,Low,Medium
Rajasthan,2019,12,118,5594.21,1195.7,21.37,High,High
Rajasthan,2020,1,118,9990.65,2586.28,25.89,High,Medium
Rajasthan,2020,2,118,4333.11,1120.5,25.86,High,Medium
Rajasthan,2020,3,118,2901.01,757.62,26.12,Medium,Medium
Rajasthan,2020,4,118,1117.36,292.45,26.17,Medium,Medium
Rajasthan,2020,5,118,10950.96,2793.67,25.51,High,Medium
Rajasthan,2020,6,118,4745.11,1315.99,27.73,High,Low
Rajasthan,2020,7,118,3027.11,743.14,24.55,Medium,Medium
Rajasthan,2020,8,118,3455.45,868.51,25.13,Medium,Medium
Rajasthan,2020,9,118,7132.78,2118.34,29.7,High,Low
Rajasthan,2020,10,118,3023.02,747.32,24.72,Medium,Medium
Rajasthan,2020,11,118,1920.58,466.88,24.31,Medium,Medium
Rajasthan,2020,12,118,3986.38,1077.59,27.03,Medium,Low
Rajasthan,2021,1,118,736.68,201.6,27.37,Medium,Low
Rajasthan,2021,2,118,6122.7,1608.67,26.27,High,Medium
Rajasthan,2021,3,118,860.09,248.33,28.87,Medium,Low
Rajasthan,2021,4,118,1701.34,413.37,24.3,Medium,Medium
Rajasthan,2021,5,118,4826.47,1230.99,25.5,High,Medium
Rajasthan,2021,6,118,12030.01,3129.44,26.01,High,Medium
Rajasthan,2021,7,118,6067.01,1623.2,26.75,High,Low
Rajasthan,2021,8,118,493.64,137.42,27.84,Low,Low
Rajasthan,2021,9,118,6003.98,1569.88,26.15,High,Medium
Rajasthan,2021,10,118,6365.24,1547.87,24.32,High,Medium
Rajasthan,2021,11,118,6449.49,1759.55,27.28,High,Low
Rajasthan,2021,12,118,15628.34,4245.82,27.17,High,Low
Rajasthan,2022,1,118,6304.72,1643.15,26.06,High,Medium
Rajasthan,2022,2,118,1294.9,328.09,25.34,Medium,Medium
Rajasthan,2022,3,118,3594.57,924.32,25.71,Medium,Medium
Rajasthan,2022,4,118,6913.01,1898.04,27.46,High,Low
Rajasthan,2022,5,118,1885.37,527.31,27.97,Medium,Low
Rajasthan,2022,6,118,8081.97,2168.98,26.84,High,Low
Rajasthan,2022,7,118,3115.56,810.37,26.01,Medium,Medium
Rajasthan,2022,8,118,4696.02,1215.6,25.89,High,Medium
Rajasthan,2022,9,118,9128.82,2456.46,26.91,High,Low
Rajasthan,2022,10,118,5928.95,1570.54,26.49,High,Medium
Rajasthan,2022,11,118,7946.24,1909.61,24.03,High,Medium
Rajasthan,2022,12,118,8729.46,2351.77,26.94,High,Low
Rajasthan,2023,1,118,2966.54,782.83,26.39,Medium,Medium
Rajasthan,2023,2,118,15486.77,4190.33,27.06,High,Low
Rajasthan,2023,3,118,4289.4,1201.26,28.01,High,Low
Rajasthan,2023,4,118,3705.74,1046.15,28.23,Medium,Low
Rajasthan,2023,5,118,214.43,56.97,26.57,Low,Medium
Rajasthan,2023,6,118,6987.89,1733.26,24.8,High,Medium
Rajasthan,2023,7,118,4841.7,1239.78,25.61,High,Medium
Rajasthan,2023,8,118,9108.13,2396.31,26.31,High,Medium
Rajasthan,2023,9,118,9249.28,2342.84,25.33,High,Medium
Rajasthan,2023,10,118,1674.62,478.14,28.55,Medium,Low
Rajasthan,2023,11,118,11812.67,3002.6,25.42,High,Medium
Rajasthan,2023,12,118,3254.65,906.25,27.84,Medium,Low
Rajasthan,2024,1,118,1639.32,443.17,27.03,Medium,Low
Rajasthan,2024,2,118,6637.14,1743.07,26.26,High,Medium
Rajasthan,2024,3,118,2750.16,760.27,27.64,Medium,Low
Rajasthan,2024,4,118,2950.37,704.9,23.89,Medium,Medium
Rajasthan,2024,5,118,15995.46,4422.04,27.65,High,Low
Rajasthan,2024,6,118,4306.29,1160.88,26.96,High,Low
Rajasthan,2024,7,118,6071.2,1536.89,25.31,High,Medium
Rajasthan,2024,8,118,9319.49,2304.88,24.73,High,Medium
Rajasthan,2024,9,118,7021.03,1881.83,26.8,High,Low
Rajasthan,2024,10,118,1329.45,379.1,28.52,Medium,Low
Rajasthan,2024,11,118,14096.47,3712.63,26.34,High,Medium
Rajasthan,2024,12,118,7447.67,1899.55,25.51,High,Medium
Tamil Nadu,2017,1,162,2552.95,265.25,10.39,Medium,High
Tamil Nadu,2017,2,162,4287.44,394.25,9.2,High,High
Tamil Nadu,2017,3,162,3550.3,366.6,10.33,Medium,High
Tamil Nadu,2017,4,162,4392.86,438.63,9.99,High,High
Tamil Nadu,2017,5,162,4911.61,536.89,10.93,High,High
Tamil Nadu,2017,6,162,5045.1,491.0,9.73,High,High
Tamil Nadu,2017,7,162,717.99,75.56,10.52,Medium,High
Tamil Nadu,2017,8,162,4579.75,402.94,8.8,High,High
Tamil Nadu,2017,9,162,1796.37,161.92,9.01,Medium,High
Tamil Nadu,2017,10,162,5168.68,523.76,10.13,High,High
Tamil Nadu,2017,11,162,3161.3,279.93,8.86,Medium,High
Tamil Nadu,2017,12,162,707.48,67.94,9.6,Low,High
Tamil Nadu,2018,1,162,8706.03,1799.73,20.67,High,High
Tamil Nadu,2018,2,162,4010.44,891.04,22.22,High,Medium
Tamil Nadu,2018,3,162,1968.47,433.3,22.01,Medium,Medium
Tamil Nadu,2018,4,162,5999.55,1221.89,20.37,High,High
Tamil Nadu,2018,5,162,5531.62,1191.38,21.54,High,High
Tamil Nadu,2018,6,162,2201.66,451.29,20.5,Medium,High
Tamil Nadu,2018,7,162,7029.24,1564.62,22.26,High,Medium
Tamil Nadu,2018,8,162,2570.92,534.31,20.78,Medium,High
Tamil Nadu,2018,9,162,1573.58,337.53,21.45,Medium,High
Tamil Nadu,2018,10,162,649.71,139.06,21.4,Low,High
Tamil Nadu,2018,11,162,3431.59,744.13,21.68,Medium,Medium
Tamil Nadu,2018,12,162,820.35,191.52,23.35,Medium,Medium
Tamil Nadu,2019,1,162,2516.27,516.55,20.53,Medium,High
Tamil Nadu,2019,2,162,2389.75,548.99,22.97,Medium,Medium
Tamil Nadu,2019,3,162,7466.12,1649.21,22.09,High,Medium
Tamil Nadu,2019,4,162,2999.69,664.09,22.14,Medium,Medium
Tamil Nadu,2019,5,162,5046.26,1109.31,21.98,High,Medium
Tamil Nadu,2019,6,162,3596.83,853.58,23.73,Medium,Medium
Tamil Nadu,2019,7,162,7223.17,1396.49,19.33,High,High
Tamil Nadu,2019,8,162,11434.94,2538.81,22.2,High,Medium
Tamil Nadu,2019,9,162,2070.06,502.86,24.29,Medium,Medium
Tamil Nadu,2019,10,162,3441.83,796.21,23.13,Medium,Medium
Tamil Nadu,2019,11,162,6679.67,1601.69,23.98,High,Medium
Tamil Nadu,2019,12,162,3690.86,747.64,20.26,Medium,High
Tamil Nadu,2020,1,162,1495.71,396.4,26.5,Medium,Medium
Tamil Nadu,2020,2,162,690.0,162.49,23.55,Low,Medium
Tamil Nadu,2020,3,162,11558.84,3351.75,29.0,High,Low
Tamil Nadu,2020,4,162,769.09,204.47,26.59,Medium,Medium
Tamil Nadu,2020,5,162,14535.03,3539.95,24.35,High,Medium
Tamil Nadu,2020,6,162,9003.81,2277.4,25.29,High,Medium
Tamil Nadu,2020,7,162,6507.51,1541.17,23.68,High,Medium
Tamil Nadu,2020,8,162,2361.39,591.76,25.06,Medium,Medium
Tamil Nadu,2020,9,162,5501.05,1447.67,26.32,High,Medium
Tamil Nadu,2020,10,162,7762.53,2213.26,28.51,High,Low
Tamil Nadu,2020,11,162,9288.31,2512.4,27.05,High,Low
Tamil Nadu,2020,12,162,8209.19,2201.16,26.81,High,Low
Tamil Nadu,2021,1,162,3745.55,971.83,25.95,Medium,Medium
Tamil Nadu,2021,2,162,7688.85,2065.11,26.86,High,Low
Tamil Nadu,2021,3,162,5492.77,1400.46,25.5,High,Medium
Tamil Nadu,2021,4,162,5503.66,1500.36,27.26,High,Low
Tamil Nadu,2021,5,162,7687.33,2020.83,26.29,High,Medium
Tamil Nadu,2021,6,162,7664.13,2061.54,26.9,High,Low
Tamil Nadu,2021,7,162,10265.58,2582.01,25.15,High,Medium
Tamil Nadu,2021,8,162,5024.27,1357.39,27.02,High,Low
Tamil Nadu,2021,9,162,6000.21,1574.56,26.24,High,Medium
Tamil Nadu,2021,10,162,15822.48,4225.57,26.71,High,Low
Tamil Nadu,2021,11,162,4620.78,1214.74,26.29,High,Medium
Tamil Nadu,2021,12,162,12858.73,3347.76,26.03,High,Medium
Tamil Nadu,2022,1,162,9530.73,2500.85,26.24,High,Medium
Tamil Nadu,2022,2,162,12244.35,3287.95,26.85,High,Low
Tamil Nadu,2022,3,162,182.32,46.46,25.48,Low,Medium
Tamil Nadu,2022,4,162,3610.2,913.19,25.29,Medium,Medium
Tamil Nadu,2022,5,162,2953.6,805.33,27.27,Medium,Low
Tamil Nadu,2022,6,162,8896.17,2312.77,26.0,High,Medium
Tamil Nadu,2022,7,162,11033.63,2712.56,24.58,High,Medium
Tamil Nadu,2022,8,162,8791.72,2240.28,25.48,High,Medium
Tamil Nadu,2022,9,162,7356.17,1888.91,25.68,High,Medium
Tamil Nadu,2022,10,162,12809.64,3590.1,28.03,High,Low
Tamil Nadu,2022,11,162,11579.73,3152.37,27.22,High,Low
Tamil Nadu,2022,12,162,3845.41,992.34,25.81,Medium,Medium
Tamil Nadu,2023,1,162,3368.43,895.6,26.59,Medium,Medium
Tamil Nadu,2023,2,162,10973.19,3080.91,28.08,High,Low
Tamil Nadu,2023,3,162,11877.68,3264.77,27.49,High,Low
Tamil Nadu,2023,4,162,12337.72,3118.5,25.28,High,Medium
Tamil Nadu,2023,5,162,4914.83,1421.06,28.91,High,Low
Tamil Nadu,2023,6,162,4520.23,1291.95,28.58,High,Low
Tamil Nadu,2023,7,162,1890.66,506.34,26.78,Medium,Low
Tamil Nadu,2023,8,162,14427.66,3585.56,24.85,High,Medium
Tamil Nadu,2023,9,162,4368.21,1075.17,24.61,High,Medium
Tamil Nadu,2023,10,162,14202.14,3839.67,27.04,High,Low
Tamil Nadu,2023,11,162,6828.2,1758.92,25.76,High,Medium
Tamil Nadu,2023,12,162,11323.9,2763.51,24.4,High,Medium
Tamil Nadu,2024,1,162,2174.05,543.37,24.99,Medium,Medium
Tamil Nadu,2024,2,162,11707.82,3012.8,25.73,High,Medium
Tamil Nadu,2024,3,162,5862.67,1408.93,24.03,High,Medium
Tamil Nadu,2024,4,162,18524.61,5072.15,27.38,High,Low
Tamil Nadu,2024,5,162,13395.98,3466.73,25.88,High,Medium
Tamil Nadu,2024,6,162,1821.81,475.36,26.09,Medium,Medium
Tamil Nadu,2024,7,162,7592.84,2131.25,28.07,High,Low
Tamil Nadu,2024,8,162,4266.87,1159.29,27.17,High,Low
Tamil Nadu,2024,9,162,4629.39,1230.01,26.57,High,Medium
Tamil Nadu,2024,10,162,4478.43,1163.78,25.99,High,Medium
Tamil Nadu,2024,11,162,15256.58,3962.79,25.97,High,Medium
Tamil Nadu,2024,12,162,19520.97,5134.3,26.3,High,Medium
Tripura,2017,1,23,532.62,51.16,9.61,Low,High
Tripura,2017,2,23,36.35,3.77,10.36,Low,High
Tripura,2017,3,23,535.13,55.65,10.4,Low,High
Tripura,2017,4,23,1144.92,103.23,9.02,Medium,High
Tripura,2017,5,23,231.88,21.96,9.47,Low,High
Tripura,2017,6,23,30.82,3.11,10.08,Low,High
Tripura,2017,7,23,134.44,13.56,10.08,Low,High
Tripura,2017,8,23,725.88,79.23,10.92,Medium,High
Tripura,2017,9,23,502.28,47.05,9.37,Low,High
Tripura,2017,10,23,887.99,92.22,10.38,Medium,High
Tripura,2017,11,23,397.38,39.72,9.99,Low,High
Tripura,2017,12,23,643.1,57.92,9.01,Low,High
Tripura,2018,1,23,317.88,76.4,24.03,Low,Medium
Tripura,2018,2,23,30.52,6.53,21.4,Low,High
Tripura,2018,3,23,1474.78,312.96,21.22,Medium,High
Tripura,2018,4,23,224.84,49.48,22.01,Low,Medium
Tripura,2018,5,23,824.22,171.23,20.77,Medium,High
Tripura,2018,6,23,694.48,146.28,21.06,Low,High
Tripura,2018,7,23,125.49,27.04,21.55,Low,High
Tripura,2018,8,23,127.0,28.37,22.34,Low,Medium
Tripura,2018,9,23,575.01,138.14,24.02,Low,Medium
Tripura,2018,10,23,60.1,12.91,21.48,Low,High
Tripura,2018,11,23,118.31,26.65,22.52,Low,Medium
Tripura,2018,12,23,1744.33,352.75,20.22,Medium,High
Tripura,2019,1,23,1186.3,268.58,22.64,Medium,Medium
Tripura,2019,2,23,353.43,80.21,22.7,Low,Medium
Tripura,2019,3,23,466.77,100.23,21.47,Low,High
Tripura,2019,4,23,1872.6,407.54,21.76,Medium,Medium
Tripura,2019,5,23,272.72,62.66,22.98,Low,Medium
Tripura,2019,6,23,791.14,177.44,22.43,Medium,Medium
Tripura,2019,7,23,235.88,52.01,22.05,Low,Medium
Tripura,2019,8,23,206.06,40.22,19.52,Low,High
Tripura,2019,9,23,299.55,64.76,21.62,Low,High
Tripura,2019,10,23,584.01,121.57,20.82,Low,High
Tripura,2019,11,23,1704.28,382.4,22.44,Medium,Medium
Tripura,2019,12,23,340.7,77.48,22.74,Low,Medium
Tripura,2020,1,23,924.37,248.26,26.86,Medium,Low
Tripura,2020,2,23,326.04,83.88,25.73,Low,Medium
Tripura,2020,3,23,810.46,218.64,26.98,Medium,Low
Tripura,2020,4,23,1757.68,436.8,24.85,Medium,Medium
Tripura,2020,5,23,628.17,159.71,25.43,Low,Medium
Tripura,2020,6,23,1358.52,349.72,25.74,Medium,Medium
Tripura,2020,7,23,1139.34,299.17,26.26,Medium,Medium
Tripura,2020,8,23,1351.81,359.98,26.63,Medium,Medium
Tripura,2020,9,23,580.57,168.07,28.95,Low,Low
Tripura,2020,10,23,690.26,186.5,27.02,Low,Low
Tripura,2020,11,23,1093.12,295.68,27.05,Medium,Low
Tripura,2020,12,23,368.65,95.54,25.92,Low,Medium
Tripura,2021,1,23,406.62,101.86,25.05,Low,Medium
Tripura,2021,2,23,459.46,131.69,28.66,Low,Low
Tripura,2021,3,23,445.44,117.44,26.37,Low,Medium
Tripura,2021,4,23,543.26,143.28,26.37,Low,Medium
Tripura,2021,5,23,2145.05,521.28,24.3,Medium,Medium
Tripura,2021,6,23,2026.45,530.36,26.17,Medium,Medium
Tripura,2021,7,23,290.72,81.63,28.08,Low,Low
Tripura,2021,8,23,2986.77,783.16,26.22,Medium,Medium
Tripura,2021,9,23,951.87,248.73,26.13,Medium,Medium
Tripura,2021,10,23,1340.01,375.48,28.02,Medium,Low
Tripura,2021,11,23,527.73,137.93,26.14,Low,Medium
Tripura,2021,12,23,991.52,280.29,28.27,Medium,Low
Tripura,2022,1,23,273.59,70.65,25.82,Low,Medium
Tripura,2022,2,23,141.73,37.22,26.26,Low,Medium
Tripura,2022,3,23,1920.7,476.98,24.83,Medium,Medium
Tripura,2022,4,23,679.47,173.09,25.47,Low,Medium
Tripura,2022,5,23,1511.31,385.36,25.5,Medium,Medium
Tripura,2022,6,23,220.3,58.66,26.63,Low,Medium
Tripura,2022,7,23,519.19,125.7,24.21,Low,Medium
Tripura,2022,8,23,985.34,251.33,25.51,Medium,Medium
Tripura,2022,9,23,2889.78,809.66,28.02,Medium,Low
Tripura,2022,10,23,987.3,267.18,27.06,Medium,Low
Tripura,2022,11,23,1959.96,535.04,27.3,Medium,Low
Tripura,2022,12,23,1091.43,279.45,25.6,Medium,Medium
Tripura,2023,1,23,1119.44,283.17,25.3,Medium,Medium
Tripura,2023,2,23,1758.34,453.77,25.81,Medium,Medium
Tripura,2023,3,23,2433.87,640.0,26.3,Medium,Medium
Tripura,2023,4,23,107.64,24.81,23.05,Low,Medium
Tripura,2023,5,23,705.69,184.94,26.21,Low,Medium
Tripura,2023,6,23,497.83,124.49,25.01,Low,Medium
Tripura,2023,7,23,228.84,59.95,26.2,Low,Medium
Tripura,2023,8,23,3219.22,846.18,26.29,Medium,Medium
Tripura,2023,9,23,1347.21,368.28,27.34,Medium,Low
Tripura,2023,10,23,1715.53,463.44,27.01,Medium,Low
Tripura,2023,11,23,517.15,139.66,27.01,Low,Low
Tripura,2023,12,23,693.41,188.11,27.13,Low,Low
Tripura,2024,1,23,1607.66,468.02,29.11,Medium,Low
Tripura,2024,2,23,1325.77,379.14,28.6,Medium,Low
Tripura,2024,3,23,1007.7,250.23,24.83,Medium,Medium
Tripura,2024,4,23,1742.66,447.73,25.69,Medium,Medium
Tripura,2024,5,23,3064.55,731.48,23.87,Medium,Medium
Tripura,2024,6,23,1349.35,349.41,25.89,Medium,Medium
Tripura,2024,7,23,811.84,227.17,27.98,Medium,Low
Tripura,2024,8,23,1326.23,350.01,26.39,Medium,Medium
Tripura,2024,9,23,1629.87,449.35,27.57,Medium,Low
Tripura,2024,10,23,460.8,114.73,24.9,Low,Medium
Tripura,2024,11,23,351.55,98.52,28.02,Low,Low
Tripura,2024,12,23,830.27,217.54,26.2,Medium,Medium
Telangana,2017,1,97,1672.31,169.26,10.12,Medium,High
Telangana,2017,2,97,1540.3,140.15,9.1,Medium,High
Telangana,2017,3,97,3234.72,287.6,8.89,Medium,High
Telangana,2017,4,97,2223.2,224.74,10.11,Medium,High
Telangana,2017,5,97,1846.99,182.76,9.9,Medium,High
Telangana,2017,6,97,282.21,28.63,10.14,Low,High
Telangana,2017,7,97,5639.28,559.87,9.93,High,High
Telangana,2017,8,97,2703.77,284.68,10.53,Medium,High
Telangana,2017,9,97,901.25,88.44,9.81,Medium,High
Telangana,2017,10,97,1811.53,171.57,9.47,Medium,High
Telangana,2017,11,97,1210.72,117.56,9.71,Medium,High
Telangana,2017,12,97,1406.38,142.6,10.14,Medium,High
Telangana,2018,1,97,836.3,185.2,22.14,Medium,Medium
Telangana,2018,2,97,944.01,211.74,22.43,Medium,Medium
Telangana,2018,3,97,1822.81,432.04,23.7,Medium,Medium
Telangana,2018,4,97,1709.34,387.62,22.68,Medium,Medium
Telangana,2018,5,97,3004.86,610.24,20.31,Medium,High
Telangana,2018,6,97,396.6,94.04,23.71,Low,Medium
Telangana,2018,7,97,3668.66,741.69,20.22,Medium,High
Telangana,2018,8,97,8061.01,1642.65,20.38,High,High
Telangana,2018,9,97,1561.27,334.87,21.45,Medium,High
Telangana,2018,10,97,1376.89,295.53,21.46,Medium,High
Telangana,2018,11,97,1484.29,356.95,24.05,Medium,Medium
Telangana,2018,12,97,1774.93,395.58,22.29,Medium,Medium
Telangana,2019,1,97,6100.4,1417.63,23.24,High,Medium
Telangana,2019,2,97,1267.22,253.04,19.97,Medium,High
Telangana,2019,3,97,4309.35,926.76,21.51,High,High
Telangana,2019,4,97,1778.4,377.38,21.22,Medium,High
Telangana,2019,5,97,2549.75,555.12,21.77,Medium,Medium
Telangana,2019,6,97,2687.4,571.21,21.25,Medium,High
Telangana,2019,7,97,4135.04,968.95,23.43,High,Medium
Telangana,2019,8,97,2490.8,479.96,19.27,Medium,High
Telangana,2019,9,97,2280.24,503.82,22.1,Medium,Medium
Telangana,2019,10,97,1919.36,435.06,22.67,Medium,Medium
Telangana,2019,11,97,3842.28,865.64,22.53,Medium,Medium
Telangana,2019,12,97,1700.74,384.75,22.62,Medium,Medium
Telangana,2020,1,97,6386.43,1724.21,27.0,High,Low
Telangana,2020,2,97,2443.21,625.31,25.59,Medium,Medium
Telangana,2020,3,97,336.82,91.18,27.07,Low,Low
Telangana,2020,4,97,1584.13,404.19,25.52,Medium,Medium
Telangana,2020,5,97,2406.46,624.0,25.93,Medium,Medium
Telangana,2020,6,97,4977.35,1282.6,25.77,High,Medium
Telangana,2020,7,97,936.66,256.32,27.37,Medium,Low
Telangana,2020,8,97,11069.96,2965.46,26.79,High,Low
Telangana,2020,9,97,3059.84,815.51,26.65,Medium,Medium
Telangana,2020,10,97,2242.65,669.34,29.85,Medium,Low
Telangana,2020,11,97,2746.62,791.79,28.83,Medium,Low
Telangana,2020,12,97,8323.44,1988.78,23.89,High,Medium
Telangana,2021,1,97,3244.11,910.81,28.08,Medium,Low
Telangana,2021,2,97,5267.91,1301.97,24.72,High,Medium
Telangana,2021,3,97,4794.18,1380.71,28.8,High,Low
Telangana,2021,4,97,4381.95,1264.29,28.85,High,Low
Telangana,2021,5,97,9255.55,2467.22,26.66,High,Medium
Telangana,2021,6,97,6497.89,1572.1,24.19,High,Medium
Telangana,2021,7,97,4304.51,1080.47,25.1,High,Medium
Telangana,2021,8,97,5195.94,1267.21,24.39,High,Medium
Telangana,2021,9,97,4911.39,1195.44,24.34,High,Medium
Telangana,2021,10,97,776.41,226.97,29.23,Medium,Low
Telangana,2021,11,97,5262.93,1540.84,29.28,High,Low
Telangana,2021,12,97,1417.78,355.24,25.06,Medium,Medium
Telangana,2022,1,97,3926.8,985.47,25.1,Medium,Medium
Telangana,2022,2,97,3780.31,994.53,26.31,Medium,Medium
Telangana,2022,3,97,3799.95,1053.19,27.72,Medium,Low
Telangana,2022,4,97,1548.76,401.37,25.92,Medium,Medium
Telangana,2022,5,97,11700.19,3022.25,25.83,High,Medium
Telangana,2022,6,97,2324.99,574.68,24.72,Medium,Medium
Telangana,2022,7,97,9346.15,2396.41,25.64,High,Medium
Telangana,2022,8,97,3217.39,883.92,27.47,Medium,Low
Telangana,2022,9,97,4865.82,1327.15,27.27,High,Low
Telangana,2022,10,97,6457.7,1755.51,27.18,High,Low
Telangana,2022,11,97,2744.67,744.99,27.14,Medium,Low
Telangana,2022,12,97,1872.85,496.23,26.5,Medium,Medium
Telangana,2023,1,97,3846.81,958.72,24.92,Medium,Medium
Telangana,2023,2,97,4770.76,1270.55,26.63,High,Medium
Telangana,2023,3,97,9088.79,2330.56,25.64,High,Medium
Telangana,2023,4,97,1752.12,452.01,25.8,Medium,Medium
Telangana,2023,5,97,12467.89,3357.3,26.93,High,Low
Telangana,2023,6,97,9896.45,2540.57,25.67,High,Medium
Telangana,2023,7,97,2888.46,783.84,27.14,Medium,Low
Telangana,2023,8,97,2548.08,656.92,25.78,Medium,Medium
Telangana,2023,9,97,1639.2,462.85,28.24,Medium,Low
Telangana,2023,10,97,5269.74,1486.1,28.2,High,Low
Telangana,2023,11,97,3039.48,777.44,25.58,Medium,Medium
Telangana,2023,12,97,3287.19,851.45,25.9,Medium,Medium
Telangana,2024,1,97,4203.71,1097.19,26.1,High,Medium
Telangana,2024,2,97,14664.21,4136.1,28.21,High,Low
Telangana,2024,3,97,4149.01,1068.76,25.76,High,Medium
Telangana,2024,4,97,8920.42,2421.07,27.14,High,Low
Telangana,2024,5,97,8770.14,2306.4,26.3,High,Medium
Telangana,2024,6,97,57.1,14.62,25.61,Low,Medium
Telangana,2024,7,97,2484.03,634.55,25.55,Medium,Medium
Telangana,2024,8,97,4695.33,1161.38,24.73,High,Medium
Telangana,2024,9,97,3034.01,761.15,25.09,Medium,Medium
Telangana,2024,10,97,2317.72,564.88,24.37,Medium,Medium
Telangana,2024,11,97,9173.05,2222.83,24.23,High,Medium
Telangana,2024,12,97,2935.65,832.05,28.34,Medium,Low
Uttar Pradesh,2017,1,139,2796.85,276.33,9.88,Medium,High
Uttar Pradesh,2017,2,139,997.89,90.19,9.04,Medium,High
Uttar Pradesh,2017,3,139,5233.91,518.53,9.91,High,High
Uttar Pradesh,2017,4,139,3580.73,375.88,10.5,Medium,High
Uttar Pradesh,2017,5,139,2069.52,198.7,9.6,Medium,High
Uttar Pradesh,2017,6,139,3211.32,324.41,10.1,Medium,High
Uttar Pradesh,2017,7,139,3755.69,387.57,10.32,Medium,High
Uttar Pradesh,2017,8,139,608.65,57.5,9.45,Low,High
Uttar Pradesh,2017,9,139,1535.02,148.51,9.67,Medium,High
Uttar Pradesh,2017,10,139,5714.39,536.83,9.39,High,High
Uttar Pradesh,2017,11,139,2722.52,258.4,9.49,Medium,High
Uttar Pradesh,2017,12,139,2842.55,263.25,9.26,Medium,High
Uttar Pradesh,2018,1,139,1165.65,241.03,20.68,Medium,High
Uttar Pradesh,2018,2,139,6578.92,1255.22,19.08,High,High
Uttar Pradesh,2018,3,139,1698.72,366.74,21.59,Medium,High
Uttar Pradesh,2018,4,139,5721.88,1325.94,23.17,High,Medium
Uttar Pradesh,2018,5,139,3239.23,699.11,21.58,Medium,High
Uttar Pradesh,2018,6,139,2143.78,465.96,21.74,Medium,Medium
Uttar Pradesh,2018,7,139,1339.23,290.57,21.7,Medium,Medium
Uttar Pradesh,2018,8,139,4143.69,891.38,21.51,High,High
Uttar Pradesh,2018,9,139,5256.49,1160.4,22.08,High,Medium
Uttar Pradesh,2018,10,139,4425.41,951.9,21.51,High,High
Uttar Pradesh,2018,11,139,768.49,159.56,20.76,Medium,High
Uttar Pradesh,2018,12,139,1694.76,343.25,20.25,Medium,High
Uttar Pradesh,2019,1,139,2877.8,619.79,21.54,Medium,High
Uttar Pradesh,2019,2,139,4438.5,1008.29,22.72,High,Medium
Uttar Pradesh,2019,3,139,2720.87,541.22,19.89,Medium,High
Uttar Pradesh,2019,4,139,4439.17,1031.85,23.24,High,Medium
Uttar Pradesh,2019,5,139,8286.57,1914.53,23.1,High,Medium
Uttar Pradesh,2019,6,139,3729.15,822.51,22.06,Medium,Medium
Uttar Pradesh,2019,7,139,3633.86,788.55,21.7,Medium,Medium
Uttar Pradesh,2019,8,139,511.21,114.45,22.39,Low,Medium
Uttar Pradesh,2019,9,139,4655.73,1138.84,24.46,High,Medium
Uttar Pradesh,2019,10,139,8691.92,1739.61,20.01,High,High
Uttar Pradesh,2019,11,139,3222.08,734.87,22.81,Medium,Medium
Uttar Pradesh,2019,12,139,3035.16,635.83,20.95,Medium,High
Uttar Pradesh,2020,1,139,6364.76,1631.4,25.63,High,Medium
Uttar Pradesh,2020,2,139,5300.59,1405.77,26.52,High,Medium
Uttar Pradesh,2020,3,139,2285.86,531.32,23.24,Medium,Medium
Uttar Pradesh,2020,4,139,13107.71,3595.79,27.43,High,Low
Uttar Pradesh,2020,5,139,4963.0,1315.48,26.51,High,Medium
Uttar Pradesh,2020,6,139,2195.07,546.53,24.9,Medium,Medium
Uttar Pradesh,2020,7,139,6664.88,1805.77,27.09,High,Low
Uttar Pradesh,2020,8,139,1636.51,412.25,25.19,Medium,Medium
Uttar Pradesh,2020,9,139,4458.61,1111.58,24.93,High,Medium
Uttar Pradesh,2020,10,139,8050.31,2102.89,26.12,High,Medium
Uttar Pradesh,2020,11,139,1460.94,352.95,24.16,Medium,Medium
Uttar Pradesh,2020,12,139,10165.24,2726.2,26.82,High,Low
Uttar Pradesh,2021,1,139,2903.41,675.38,23.26,Medium,Medium
Uttar Pradesh,2021,2,139,2921.8,773.1,26.46,Medium,Medium
Uttar Pradesh,2021,3,139,4484.23,1287.75,28.72,High,Low
Uttar Pradesh,2021,4,139,2090.88,538.21,25.74,Medium,Medium
Uttar Pradesh,2021,5,139,2533.86,656.47,25.91,Medium,Medium
Uttar Pradesh,2021,6,139,2617.47,696.0,26.59,Medium,Medium
Uttar Pradesh,2021,7,139,5810.52,1480.02,25.47,High,Medium
Uttar Pradesh,2021,8,139,5596.2,1443.52,25.79,High,Medium
Uttar Pradesh,2021,9,139,14554.49,3749.38,25.76,High,Medium
Uttar Pradesh,2021,10,139,5894.83,1496.2,25.38,High,Medium
Uttar Pradesh,2021,11,139,7001.87,1947.47,27.81,High,Low
Uttar Pradesh,2021,12,139,22849.9,6125.52,26.81,High,Low
Uttar Pradesh,2022,1,139,8385.8,2154.85,25.7,High,Medium
Uttar Pradesh,2022,2,139,12271.05,3104.24,25.3,High,Medium
Uttar Pradesh,2022,3,139,5620.02,1485.62,26.43,High,Medium
Uttar Pradesh,2022,4,139,3558.63,981.16,27.57,Medium,Low
Uttar Pradesh,2022,5,139,2664.27,754.08,28.3,Medium,Low
Uttar Pradesh,2022,6,139,4588.31,1201.09,26.18,High,Medium
Uttar Pradesh,2022,7,139,6025.28,1479.55,24.56,High,Medium
Uttar Pradesh,2022,8,139,20987.84,5597.06,26.67,High,Low
Uttar Pradesh,2022,9,139,7624.4,2188.65,28.71,High,Low
Uttar Pradesh,2022,10,139,3939.67,954.01,24.22,Medium,Medium
Uttar Pradesh,2022,11,139,518.95,130.24,25.1,Low,Medium
Uttar Pradesh,2022,12,139,3469.36,942.24,27.16,Medium,Low
Uttar Pradesh,2023,1,139,7453.56,1885.58,25.3,High,Medium
Uttar Pradesh,2023,2,139,6264.15,1698.24,27.11,High,Low
Uttar Pradesh,2023,3,139,3343.04,903.16,27.02,Medium,Low
Uttar Pradesh,2023,4,139,13341.14,3707.89,27.79,High,Low
Uttar Pradesh,2023,5,139,4768.63,1211.58,25.41,High,Medium
Uttar Pradesh,2023,6,139,15448.25,4147.65,26.85,High,Low
Uttar Pradesh,2023,7,139,10332.15,2659.46,25.74,High,Medium
Uttar Pradesh,2023,8,139,4269.21,1093.44,25.61,High,Medium
Uttar Pradesh,2023,9,139,2498.89,618.62,24.76,Medium,Medium
Uttar Pradesh,2023,10,139,3524.23,792.24,22.48,Medium,Medium
Uttar Pradesh,2023,11,139,5160.03,1349.66,26.16,High,Medium
Uttar Pradesh,2023,12,139,10285.39,2757.62,26.81,High,Low
Uttar Pradesh,2024,1,139,2408.51,606.33,25.17,Medium,Medium
Uttar Pradesh,2024,2,139,25983.44,6606.6,25.43,High,Medium
Uttar Pradesh,2024,3,139,10688.79,2786.59,26.07,High,Medium
Uttar Pradesh,2024,4,139,2386.83,637.76,26.72,Medium,Low
Uttar Pradesh,2024,5,139,3848.98,1039.03,26.99,Medium,Low
Uttar Pradesh,2024,6,139,14153.73,3714.17,26.24,High,Medium
Uttar Pradesh,2024,7,139,1855.57,514.98,27.75,Medium,Low
Uttar Pradesh,2024,8,139,8084.01,2201.86,27.24,High,Low
Uttar Pradesh,2024,9,139,3457.42,918.55,26.57,Medium,Medium
Uttar Pradesh,2024,10,139,4032.07,1126.55,27.94,High,Low
Uttar Pradesh,2024,11,139,11069.52,3080.53,27.83,High,Low
Uttar Pradesh,2024,12,139,5754.89,1444.52,25.1,High,Medium
Uttarakhand,2017,1,59,1385.99,130.1,9.39,Medium,High
Uttarakhand,2017,2,59,556.59,54.11,9.72,Low,High
Uttarakhand,2017,3,59,2524.82,241.81,9.58,Medium,High
Uttarakhand,2017,4,59,1903.4,185.32,9.74,Medium,High
Uttarakhand,2017,5,59,1616.1,154.17,9.54,Medium,High
Uttarakhand,2017,6,59,741.07,64.87,8.75,Medium,High
Uttarakhand,2017,7,59,1311.63,127.87,9.75,Medium,High
Uttarakhand,2017,8,59,297.59,28.53,9.59,Low,High
Uttarakhand,2017,9,59,548.77,50.92,9.28,Low,High
Uttarakhand,2017,10,59,1283.77,131.94,10.28,Medium,High
Uttarakhand,2017,11,59,931.04,93.75,10.07,Medium,High
Uttarakhand,2017,12,59,1784.64,195.09,10.93,Medium,High
Uttarakhand,2018,1,59,1868.0,368.52,19.73,Medium,High
Uttarakhand,2018,2,59,518.37,114.57,22.1,Low,Medium
Uttarakhand,2018,3,59,684.18,147.21,21.52,Low,High
Uttarakhand,2018,4,59,1879.48,413.71,22.01,Medium,Medium
Uttarakhand,2018,5,59,2204.07,507.9,23.04,Medium,Medium
Uttarakhand,2018,6,59,1488.9,318.56,21.4,Medium,High
Uttarakhand,2018,7,59,2166.0,431.96,19.94,Medium,High
Uttarakhand,2018,8,59,492.9,119.54,24.25,Low,Medium
Uttarakhand,2018,9,59,2027.68,423.92,20.91,Medium,High
Uttarakhand,2018,10,59,1716.93,357.78,20.84,Medium,High
Uttarakhand,2018,11,59,382.72,88.86,23.22,Low,Medium
Uttarakhand,2018,12,59,775.07,167.27,21.58,Medium,High
Uttarakhand,2019,1,59,1249.02,275.44,22.05,Medium,Medium
Uttarakhand,2019,2,59,1866.93,341.24,18.28,Medium,High
Uttarakhand,2019,3,59,3543.3,762.17,21.51,Medium,High
Uttarakhand,2019,4,59,118.43,25.24,21.32,Low,High
Uttarakhand,2019,5,59,3260.11,746.1,22.89,Medium,Medium
Uttarakhand,2019,6,59,1462.17,312.82,21.39,Medium,High
Uttarakhand,2019,7,59,2445.92,539.37,22.05,Medium,Medium
Uttarakhand,2019,8,59,2079.08,499.2,24.01,Medium,Medium
Uttarakhand,2019,9,59,1308.27,306.14,23.4,Medium,Medium
Uttarakhand,2019,10,59,1270.91,296.09,23.3,Medium,Medium
Uttarakhand,2019,11,59,1682.47,365.68,21.73,Medium,Medium
Uttarakhand,2019,12,59,1039.14,237.93,22.9,Medium,Medium
Uttarakhand,2020,1,59,1610.17,405.83,25.2,Medium,Medium
Uttarakhand,2020,2,59,1660.88,415.33,25.01,Medium,Medium
Uttarakhand,2020,3,59,5162.31,1372.64,26.59,High,Medium
Uttarakhand,2020,4,59,1710.09,417.45,24.41,Medium,Medium
Uttarakhand,2020,5,59,3941.99,1018.26,25.83,Medium,Medium
Uttarakhand,2020,6,59,499.86,132.92,26.59,Low,Medium
Uttarakhand,2020,7,59,2689.72,749.18,27.85,Medium,Low
Uttarakhand,2020,8,59,3521.62,951.81,27.03,Medium,Low
Uttarakhand,2020,9,59,1111.28,280.27,25.22,Medium,Medium
Uttarakhand,2020,10,59,3853.22,1067.17,27.7,Medium,Low
Uttarakhand,2020,11,59,1006.21,259.23,25.76,Medium,Medium
Uttarakhand,2020,12,59,1524.4,374.07,24.54,Medium,Medium
Uttarakhand,2021,1,59,2095.41,564.44,26.94,Medium,Low
Uttarakhand,2021,2,59,6915.64,1922.36,27.8,High,Low
Uttarakhand,2021,3,59,601.69,156.54,26.02,Low,Medium
Uttarakhand,2021,4,59,3163.43,835.16,26.4,Medium,Medium
Uttarakhand,2021,5,59,2724.62,736.77,27.04,Medium,Low
Uttarakhand,2021,6,59,1725.36,432.14,25.05,Medium,Medium
Uttarakhand,2021,7,59,2404.76,626.65,26.06,Medium,Medium
Uttarakhand,2021,8,59,3504.06,916.37,26.15,Medium,Medium
Uttarakhand,2021,9,59,3977.49,984.28,24.75,Medium,Medium
Uttarakhand,2021,10,59,2149.35,623.31,29.0,Medium,Low
Uttarakhand,2021,11,59,3192.72,771.36,24.16,Medium,Medium
Uttarakhand,2021,12,59,1187.99,288.7,24.3,Medium,Medium
Uttarakhand,2022,1,59,4306.24,1138.81,26.45,High,Medium
Uttarakhand,2022,2,59,2976.26,781.87,26.27,Medium,Medium
Uttarakhand,2022,3,59,4700.29,1237.64,26.33,High,Medium
Uttarakhand,2022,4,59,1750.71,443.92,25.36,Medium,Medium
Uttarakhand,2022,5,59,2938.56,767.45,26.12,Medium,Medium
Uttarakhand,2022,6,59,3948.78,1092.59,27.67,Medium,Low
Uttarakhand,2022,7,59,1418.64,373.69,26.34,Medium,Medium
Uttarakhand,2022,8,59,2482.46,624.41,25.15,Medium,Medium
Uttarakhand,2022,9,59,3658.88,914.01,24.98,Medium,Medium
Uttarakhand,2022,10,59,717.32,183.65,25.6,Medium,Medium
Uttarakhand,2022,11,59,1307.99,343.86,26.29,Medium,Medium
Uttarakhand,2022,12,59,3603.67,1000.21,27.76,Medium,Low
Uttarakhand,2023,1,59,793.88,200.93,25.31,Medium,Medium
Uttarakhand,2023,2,59,2192.58,574.31,26.19,Medium,Medium
Uttarakhand,2023,3,59,3168.93,845.02,26.67,Medium,Low
Uttarakhand,2023,4,59,414.52,111.9,27.0,Low,Low
Uttarakhand,2023,5,59,1423.97,359.56,25.25,Medium,Medium
Uttarakhand,2023,6,59,3282.86,862.01,26.26,Medium,Medium
Uttarakhand,2023,7,59,3888.69,1055.25,27.14,Medium,Low
Uttarakhand,2023,8,59,8565.61,2346.91,27.4,High,Low
Uttarakhand,2023,9,59,4307.33,1111.9,25.81,High,Medium
Uttarakhand,2023,10,59,2465.7,631.33,25.6,Medium,Medium
Uttarakhand,2023,11,59,3106.11,811.87,26.14,Medium,Medium
Uttarakhand,2023,12,59,3185.75,777.39,24.4,Medium,Medium
Uttarakhand,2024,1,59,2138.65,575.7,26.92,Medium,Low
Uttarakhand,2024,2,59,4227.26,1148.04,27.16,High,Low
Uttarakhand,2024,3,59,3951.59,992.62,25.12,Medium,Medium
Uttarakhand,2024,4,59,2007.74,508.2,25.31,Medium,Medium
Uttarakhand,2024,5,59,4115.4,1022.59,24.85,High,Medium
Uttarakhand,2024,6,59,2346.98,593.11,25.27,Medium,Medium
Uttarakhand,2024,7,59,2374.78,538.46,22.67,Medium,Medium
Uttarakhand,2024,8,59,1725.2,468.61,27.16,Medium,Low
Uttarakhand,2024,9,59,7011.56,2044.45,29.16,High,Low
Uttarakhand,2024,10,59,6531.33,1739.8,26.64,High,Medium
Uttarakhand,2024,11,59,1436.57,352.96,24.57,Medium,Medium
Uttarakhand,2024,12,59,1914.95,490.08,25.59,Medium,Medium
West Bengal,2017,1,145,1746.71,181.46,10.39,Medium,High
West Bengal,2017,2,145,1021.85,101.76,9.96,Medium,High
West Bengal,2017,3,145,880.87,89.65,10.18,Medium,High
West Bengal,2017,4,145,4266.91,453.5,10.63,High,High
West Bengal,2017,5,145,13428.25,1274.44,9.49,High,High
West Bengal,2017,6,145,1151.05,110.3,9.58,Medium,High
West Bengal,2017,7,145,1549.59,141.27,9.12,Medium,High
West Bengal,2017,8,145,3252.02,319.23,9.82,Medium,High
West Bengal,2017,9,145,730.29,78.61,10.76,Medium,High
West Bengal,2017,10,145,2106.81,211.37,10.03,Medium,High
West Bengal,2017,11,145,2839.94,267.44,9.42,Medium,High
West Bengal,2017,12,145,3608.52,355.38,9.85,Medium,High
West Bengal,2018,1,145,720.43,163.48,22.69,Medium,Medium
West Bengal,2018,2,145,1101.57,248.33,22.54,Medium,Medium
West Bengal,2018,3,145,6579.82,1313.2,19.96,High,High
West Bengal,2018,4,145,2917.74,661.41,22.67,Medium,Medium
West Bengal,2018,5,145,5324.12,1115.78,20.96,High,High
West Bengal,2018,6,145,5359.65,1175.67,21.94,High,Medium
West Bengal,2018,7,145,2605.07,529.64,20.33,Medium,High
West Bengal,2018,8,145,4569.88,980.11,21.45,High,High
West Bengal,2018,9,145,2473.8,535.08,21.63,Medium,High
West Bengal,2018,10,145,2116.03,417.18,19.72,Medium,High
West Bengal,2018,11,145,1713.66,376.04,21.94,Medium,Medium
West Bengal,2018,12,145,4342.39,986.99,22.73,High,Medium
West Bengal,2019,1,145,2627.28,522.0,19.87,Medium,High
West Bengal,2019,2,145,7443.5,1594.12,21.42,High,High
West Bengal,2019,3,145,235.19,51.03,21.7,Low,Medium
West Bengal,2019,4,145,12936.11,3034.67,23.46,High,Medium
West Bengal,2019,5,145,356.75,78.92,22.12,Low,Medium
West Bengal,2019,6,145,3741.83,778.4,20.8,Medium,High
West Bengal,2019,7,145,744.39,158.92,21.35,Medium,High
West Bengal,2019,8,145,4181.05,959.93,22.96,High,Medium
West Bengal,2019,9,145,6468.74,1435.23,22.19,High,Medium
West Bengal,2019,10,145,5318.92,1220.43,22.95,High,Medium
West Bengal,2019,11,145,5928.46,1235.32,20.84,High,High
West Bengal,2019,12,145,2428.51,500.09,20.59,Medium,High
West Bengal,2020,1,145,2704.11,768.13,28.41,Medium,Low
West Bengal,2020,2,145,9950.76,2479.53,24.92,High,Medium
West Bengal,2020,3,145,3597.36,944.01,26.24,Medium,Medium
West Bengal,2020,4,145,13818.51,3668.84,26.55,High,Medium
West Bengal,2020,5,145,7783.11,1990.3,25.57,High,Medium
West Bengal,2020,6,145,5213.81,1328.68,25.48,High,Medium
West Bengal,2020,7,145,6226.83,1631.12,26.2,High,Medium
West Bengal,2020,8,145,2027.21,525.39,25.92,Medium,Medium
West Bengal,2020,9,145,8195.11,2268.45,27.68,High,Low
West Bengal,2020,10,145,2154.01,567.95,26.37,Medium,Medium
West Bengal,2020,11,145,3227.42,883.54,27.38,Medium,Low
West Bengal,2020,12,145,4632.36,1239.0,26.75,High,Low
West Bengal,2021,1,145,1860.55,472.66,25.4,Medium,Medium
West Bengal,2021,2,145,8268.61,2202.9,26.64,High,Medium
West Bengal,2021,3,145,3128.92,876.39,28.01,Medium,Low
West Bengal,2021,4,145,6319.33,1623.94,25.7,High,Medium
West Bengal,2021,5,145,4268.97,1257.96,29.47,High,Low
West Bengal,2021,6,145,15251.95,4175.49,27.38,High,Low
West Bengal,2021,7,145,9791.7,2557.68,26.12,High,Medium
West Bengal,2021,8,145,5036.11,1313.97,26.09,High,Medium
West Bengal,2021,9,145,13161.85,3297.15,25.05,High,Medium
West Bengal,2021,10,145,5929.99,1562.36,26.35,High,Medium
West Bengal,2021,11,145,6207.3,1460.54,23.53,High,Medium
West Bengal,2021,12,145,3455.45,968.8,28.04,Medium,Low
West Bengal,2022,1,145,96.67,27.23,28.17,Low,Low
West Bengal,2022,2,145,931.43,254.03,27.27,Medium,Low
West Bengal,2022,3,145,5076.61,1267.1,24.96,High,Medium
West Bengal,2022,4,145,3391.09,894.62,26.38,Medium,Medium
West Bengal,2022,5,145,12733.83,3296.56,25.89,High,Medium
West Bengal,2022,6,145,3657.56,946.24,25.87,Medium,Medium
West Bengal,2022,7,145,16488.01,4362.06,26.46,High,Medium
West Bengal,2022,8,145,4461.51,1246.23,27.93,High,Low
West Bengal,2022,9,145,18861.98,4951.7,26.25,High,Medium
West Bengal,2022,10,145,4055.7,1111.53,27.41,High,Low
West Bengal,2022,11,145,4119.32,1119.82,27.18,High,Low
West Bengal,2022,12,145,9218.16,2400.96,26.05,High,Medium
West Bengal,2023,1,145,6207.87,1756.36,28.29,High,Low
West Bengal,2023,2,145,8899.68,2424.42,27.24,High,Low
West Bengal,2023,3,145,9207.34,2252.0,24.46,High,Medium
West Bengal,2023,4,145,3784.28,1006.59,26.6,Medium,Medium
West Bengal,2023,5,145,8799.6,2180.73,24.78,High,Medium
West Bengal,2023,6,145,8431.99,2128.18,25.24,High,Medium
West Bengal,2023,7,145,6114.99,1564.02,25.58,High,Medium
West Bengal,2023,8,145,4872.98,1347.53,27.65,High,Low
West Bengal,2023,9,145,4122.29,1095.37,26.57,High,Medium
West Bengal,2023,10,145,7696.8,2063.61,26.81,High,Low
West Bengal,2023,11,145,17766.14,4714.33,26.54,High,Medium
West Bengal,2023,12,145,4526.68,1277.23,28.22,High,Low
West Bengal,2024,1,145,9596.17,2520.19,26.26,High,Medium
West Bengal,2024,2,145,20912.0,5556.37,26.57,High,Medium
West Bengal,2024,3,145,21025.41,5243.83,24.94,High,Medium
West Bengal,2024,4,145,530.46,139.15,26.23,Low,Medium
West Bengal,2024,5,145,5365.47,1564.26,29.15,High,Low
West Bengal,2024,6,145,3297.49,854.43,25.91,Medium,Medium
West Bengal,2024,7,145,1115.49,293.37,26.3,Medium,Medium
West Bengal,2024,8,145,9285.01,2433.22,26.21,High,Medium
West Bengal,2024,9,145,17006.17,4541.49,26.7,High,Low
West Bengal,2024,10,145,4055.98,1098.91,27.09,High,Low
West Bengal,2024,11,145,1203.99,322.84,26.81,Medium,Low
West Bengal,2024,12,145,4375.75,1174.61,26.84,High,Low
Manipur,2017,1,17,265.59,24.02,9.04,Low,High
Manipur,2017,2,17,378.29,34.98,9.25,Low,High
Manipur,2017,3,17,980.09,96.91,9.89,Medium,High
Manipur,2017,4,17,137.47,13.83,10.06,Low,High
Manipur,2017,5,17,473.55,47.0,9.93,Low,High
Manipur,2017,6,17,179.97,17.17,9.54,Low,High
Manipur,2017,7,17,163.18,13.74,8.42,Low,High
Manipur,2017,8,17,642.92,63.05,9.81,Low,High
Manipur,2017,9,17,300.61,30.58,10.17,Low,High
Manipur,2017,10,17,373.55,41.47,11.1,Low,High
Manipur,2017,11,17,192.09,18.4,9.58,Low,High
Manipur,2017,12,17,201.7,19.09,9.46,Low,High
Manipur,2018,1,17,442.67,96.0,21.69,Low,Medium
Manipur,2018,2,17,182.31,36.39,19.96,Low,High
Manipur,2018,3,17,318.99,69.94,21.92,Low,Medium
Manipur,2018,4,17,424.63,87.87,20.69,Low,High
Manipur,2018,5,17,176.93,36.71,20.75,Low,High
Manipur,2018,6,17,236.44,54.92,23.23,Low,Medium
Manipur,2018,7,17,747.86,161.92,21.65,Medium,High
Manipur,2018,8,17,595.91,121.28,20.35,Low,High
Manipur,2018,9,17,284.9,60.09,21.09,Low,High
Manipur,2018,10,17,348.3,73.36,21.06,Low,High
Manipur,2018,11,17,388.0,88.44,22.8,Low,Medium
Manipur,2018,12,17,522.1,109.98,21.06,Low,High
Manipur,2019,1,17,1653.97,372.56,22.53,Medium,Medium
Manipur,2019,2,17,272.24,59.21,21.75,Low,Medium
Manipur,2019,3,17,213.14,47.54,22.3,Low,Medium
Manipur,2019,4,17,663.69,147.89,22.28,Low,Medium
Manipur,2019,5,17,91.08,19.39,21.29,Low,High
Manipur,2019,6,17,668.44,153.85,23.02,Low,Medium
Manipur,2019,7,17,676.77,148.63,21.96,Low,Medium
Manipur,2019,8,17,280.6,57.52,20.5,Low,High
Manipur,2019,9,17,511.73,107.7,21.05,Low,High
Manipur,2019,10,17,358.34,66.64,18.6,Low,High
Manipur,2019,11,17,120.58,26.63,22.09,Low,Medium
Manipur,2019,12,17,634.12,148.81,23.47,Low,Medium
Manipur,2020,1,17,261.84,74.52,28.46,Low,Low
Manipur,2020,2,17,1272.92,343.9,27.02,Medium,Low
Manipur,2020,3,17,278.9,75.54,27.09,Low,Low
Manipur,2020,4,17,791.46,214.48,27.1,Medium,Low
Manipur,2020,5,17,668.72,171.46,25.64,Low,Medium
Manipur,2020,6,17,587.34,142.35,24.24,Low,Medium
Manipur,2020,7,17,1642.49,424.28,25.83,Medium,Medium
Manipur,2020,8,17,684.61,181.68,26.54,Low,Medium
Manipur,2020,9,17,486.15,124.95,25.7,Low,Medium
Manipur,2020,10,17,482.16,119.84,24.85,Low,Medium
Manipur,2020,11,17,259.36,66.31,25.57,Low,Medium
Manipur,2020,12,17,735.93,205.61,27.94,Medium,Low
Manipur,2021,1,17,968.16,235.15,24.29,Medium,Medium
Manipur,2021,2,17,135.0,38.01,28.16,Low,Low
Manipur,2021,3,17,1176.08,289.27,24.6,Medium,Medium
Manipur,2021,4,17,365.81,104.8,28.65,Low,Low
Manipur,2021,5,17,415.03,105.62,25.45,Low,Medium
Manipur,2021,6,17,2491.65,690.97,27.73,Medium,Low
Manipur,2021,7,17,989.24,257.12,25.99,Medium,Medium
Manipur,2021,8,17,267.19,69.44,25.99,Low,Medium
Manipur,2021,9,17,1232.64,344.63,27.96,Medium,Low
Manipur,2021,10,17,1005.38,267.43,26.6,Medium,Medium
Manipur,2021,11,17,7.89,2.06,26.08,Low,Medium
Manipur,2021,12,17,639.54,147.82,23.11,Low,Medium
Manipur,2022,1,17,120.78,30.33,25.11,Low,Medium
Manipur,2022,2,17,285.49,78.8,27.6,Low,Low
Manipur,2022,3,17,588.98,137.45,23.34,Low,Medium
Manipur,2022,4,17,949.74,263.05,27.7,Medium,Low
Manipur,2022,5,17,929.65,245.38,26.39,Medium,Medium
Manipur,2022,6,17,133.95,32.81,24.5,Low,Medium
Manipur,2022,7,17,1765.58,455.07,25.77,Medium,Medium
Manipur,2022,8,17,239.05,60.22,25.19,Low,Medium
Manipur,2022,9,17,2588.37,693.24,26.78,Medium,Low
Manipur,2022,10,17,969.52,259.42,26.76,Medium,Low
Manipur,2022,11,17,912.47,240.32,26.34,Medium,Medium
Manipur,2022,12,17,258.22,68.95,26.7,Low,Low
Manipur,2023,1,17,541.63,150.78,27.84,Low,Low
Manipur,2023,2,17,1203.72,297.58,24.72,Medium,Medium
Manipur,2023,3,17,789.52,208.52,26.41,Medium,Medium
Manipur,2023,4,17,663.78,181.79,27.39,Low,Low
Manipur,2023,5,17,517.59,129.85,25.09,Low,Medium
Manipur,2023,6,17,2746.5,722.87,26.32,Medium,Medium
Manipur,2023,7,17,167.76,46.35,27.63,Low,Low
Manipur,2023,8,17,436.21,119.31,27.35,Low,Low
Manipur,2023,9,17,750.11,187.76,25.03,Medium,Medium
Manipur,2023,10,17,135.11,36.57,27.07,Low,Low
Manipur,2023,11,17,372.16,101.64,27.31,Low,Low
Manipur,2023,12,17,2278.12,608.53,26.71,Medium,Low
Manipur,2024,1,17,1430.94,374.08,26.14,Medium,Medium
Manipur,2024,2,17,496.49,135.85,27.36,Low,Low
Manipur,2024,3,17,302.84,82.92,27.38,Low,Low
Manipur,2024,4,17,587.74,158.38,26.95,Low,Low
Manipur,2024,5,17,577.5,139.6,24.17,Low,Medium
Manipur,2024,6,17,1202.37,315.21,26.22,Medium,Medium
Manipur,2024,7,17,809.26,223.11,27.57,Medium,Low
Manipur,2024,8,17,730.29,196.29,26.88,Medium,Low
Manipur,2024,9,17,1567.9,416.05,26.54,Medium,Medium
Manipur,2024,10,17,1951.6,521.64,26.73,Medium,Low
Manipur,2024,11,17,894.71,238.95,26.71,Medium,Low
Manipur,2024,12,17,910.99,216.02,23.71,Medium,Medium
Mizoram,2017,1,13,585.88,59.63,10.18,Low,High
Mizoram,2017,2,13,657.66,63.27,9.62,Low,High
Mizoram,2017,3,13,15.81,1.4,8.83,Low,High
Mizoram,2017,4,13,157.64,14.99,9.51,Low,High
Mizoram,2017,5,13,259.39,27.31,10.53,Low,High
Mizoram,2017,6,13,102.84,9.8,9.53,Low,High
Mizoram,2017,7,13,325.6,28.74,8.83,Low,High
Mizoram,2017,8,13,164.87,16.68,10.12,Low,High
Mizoram,2017,9,13,333.79,30.94,9.27,Low,High
Mizoram,2017,10,13,169.15,16.62,9.82,Low,High
Mizoram,2017,11,13,175.31,16.89,9.64,Low,High
Mizoram,2017,12,13,331.91,35.1,10.58,Low,High
Mizoram,2018,1,13,271.41,58.71,21.63,Low,High
Mizoram,2018,2,13,257.31,51.4,19.98,Low,High
Mizoram,2018,3,13,358.38,79.53,22.19,Low,Medium
Mizoram,2018,4,13,147.65,30.63,20.74,Low,High
Mizoram,2018,5,13,157.32,34.27,21.78,Low,Medium
Mizoram,2018,6,13,397.95,90.05,22.63,Low,Medium
Mizoram,2018,7,13,142.64,28.34,19.87,Low,High
Mizoram,2018,8,13,183.37,37.68,20.55,Low,High
Mizoram,2018,9,13,113.94,24.0,21.07,Low,High
Mizoram,2018,10,13,522.58,119.0,22.77,Low,Medium
Mizoram,2018,11,13,145.71,29.8,20.45,Low,High
Mizoram,2018,12,13,872.17,178.94,20.52,Medium,High
Mizoram,2019,1,13,399.0,90.25,22.62,Low,Medium
Mizoram,2019,2,13,173.4,40.51,23.36,Low,Medium
Mizoram,2019,3,13,1092.57,219.27,20.07,Medium,High
Mizoram,2019,4,13,78.0,18.1,23.2,Low,Medium
Mizoram,2019,5,13,216.93,53.77,24.79,Low,Medium
Mizoram,2019,6,13,274.37,59.08,21.53,Low,High
Mizoram,2019,7,13,973.04,234.66,24.12,Medium,Medium
Mizoram,2019,8,13,480.8,104.52,21.74,Low,Medium
Mizoram,2019,9,13,425.14,87.23,20.52,Low,High
Mizoram,2019,10,13,151.32,32.83,21.69,Low,Medium
Mizoram,2019,11,13,257.44,59.68,23.18,Low,Medium
Mizoram,2019,12,13,176.88,37.33,21.11,Low,High
Mizoram,2020,1,13,293.78,72.96,24.84,Low,Medium
Mizoram,2020,2,13,746.86,180.05,24.11,Medium,Medium
Mizoram,2020,3,13,582.26,154.91,26.61,Low,Medium
Mizoram,2020,4,13,691.16,192.0,27.78,Low,Low
Mizoram,2020,5,13,214.22,59.18,27.63,Low,Low
Mizoram,2020,6,13,1152.5,310.07,26.9,Medium,Low
Mizoram,2020,7,13,404.03,108.33,26.81,Low,Low
Mizoram,2020,8,13,567.17,159.87,28.19,Low,Low
Mizoram,2020,9,13,80.79,21.34,26.41,Low,Medium
Mizoram,2020,10,13,187.5,50.29,26.82,Low,Low
Mizoram,2020,11,13,976.09,249.54,25.57,Medium,Medium
Mizoram,2020,12,13,337.41,81.7,24.21,Low,Medium
Mizoram,2021,1,13,254.71,69.71,27.37,Low,Low
Mizoram,2021,2,13,452.98,119.72,26.43,Low,Medium
Mizoram,2021,3,13,478.03,110.32,23.08,Low,Medium
Mizoram,2021,4,13,1531.6,400.98,26.18,Medium,Medium
Mizoram,2021,5,13,485.54,134.81,27.77,Low,Low
Mizoram,2021,6,13,1012.45,271.81,26.85,Medium,Low
Mizoram,2021,7,13,129.29,34.57,26.74,Low,Low
Mizoram,2021,8,13,240.95,57.6,23.9,Low,Medium
Mizoram,2021,9,13,877.13,221.16,25.21,Medium,Medium
Mizoram,2021,10,13,523.3,139.69,26.69,Low,Low
Mizoram,2021,11,13,423.82,113.13,26.69,Low,Low
Mizoram,2021,12,13,1002.95,278.27,27.75,Medium,Low
Mizoram,2022,1,13,434.78,120.02,27.6,Low,Low
Mizoram,2022,2,13,657.31,168.89,25.69,Low,Medium
Mizoram,2022,3,13,35.49,9.16,25.82,Low,Medium
Mizoram,2022,4,13,668.99,176.8,26.43,Low,Medium
Mizoram,2022,5,13,96.06,22.71,23.64,Low,Medium
Mizoram,2022,6,13,766.0,214.51,28.0,Medium,Low
Mizoram,2022,7,13,1584.4,424.19,26.77,Medium,Low
Mizoram,2022,8,13,268.15,74.28,27.7,Low,Low
Mizoram,2022,9,13,412.6,116.95,28.34,Low,Low
Mizoram,2022,10,13,1644.65,415.41,25.26,Medium,Medium
Mizoram,2022,11,13,540.58,124.11,22.96,Low,Medium
Mizoram,2022,12,13,340.59,94.46,27.73,Low,Low
Mizoram,2023,1,13,412.24,107.55,26.09,Low,Medium
Mizoram,2023,2,13,612.09,165.75,27.08,Low,Low
Mizoram,2023,3,13,454.86,121.69,26.75,Low,Low
Mizoram,2023,4,13,514.27,130.1,25.3,Low,Medium
Mizoram,2023,5,13,216.78,61.74,28.48,Low,Low
Mizoram,2023,6,13,850.95,216.8,25.48,Medium,Medium
Mizoram,2023,7,13,1452.37,367.32,25.29,Medium,Medium
Mizoram,2023,8,13,261.82,69.31,26.47,Low,Medium
Mizoram,2023,9,13,850.45,231.61,27.23,Medium,Low
Mizoram,2023,10,13,1047.96,272.89,26.04,Medium,Medium
Mizoram,2023,11,13,608.72,170.25,27.97,Low,Low
Mizoram,2023,12,13,825.06,219.72,26.63,Medium,Medium
Mizoram,2024,1,13,993.76,253.5,25.51,Medium,Medium
Mizoram,2024,2,13,1049.61,283.87,27.05,Medium,Low
Mizoram,2024,3,13,555.58,136.99,24.66,Low,Medium
Mizoram,2024,4,13,405.14,101.45,25.04,Low,Medium
Mizoram,2024,5,13,581.46,153.68,26.43,Low,Medium
Mizoram,2024,6,13,172.51,46.52,26.97,Low,Low
Mizoram,2024,7,13,725.76,198.74,27.38,Medium,Low
Mizoram,2024,8,13,433.33,121.19,27.97,Low,Low
Mizoram,2024,9,13,361.74,93.49,25.84,Low,Medium
Mizoram,2024,10,13,1399.22,384.48,27.48,Medium,Low
Mizoram,2024,11,13,1961.57,499.95,25.49,Medium,Medium
Mizoram,2024,12,13,125.86,34.11,27.1,Low,Low
Nagaland,2017,1,21,423.95,38.6,9.1,Low,High
Nagaland,2017,2,21,502.61,50.69,10.09,Low,High
Nagaland,2017,3,21,129.61,12.95,9.99,Low,High
Nagaland,2017,4,21,392.07,38.2,9.74,Low,High
Nagaland,2017,5,21,666.45,66.33,9.95,Low,High
Nagaland,2017,6,21,462.36,45.29,9.79,Low,High
Nagaland,2017,7,21,405.4,38.95,9.61,Low,High
Nagaland,2017,8,21,525.6,51.85,9.86,Low,High
Nagaland,2017,9,21,422.16,43.8,10.38,Low,High
Nagaland,2017,10,21,352.89,34.95,9.9,Low,High
Nagaland,2017,11,21,680.95,66.6,9.78,Low,High
Nagaland,2017,12,21,334.14,30.91,9.25,Low,High
Nagaland,2018,1,21,953.05,204.95,21.5,Medium,High
Nagaland,2018,2,21,342.76,74.32,21.68,Low,Medium
Nagaland,2018,3,21,257.76,55.65,21.59,Low,High
Nagaland,2018,4,21,795.98,152.18,19.12,Medium,High
Nagaland,2018,5,21,563.71,127.7,22.65,Low,Medium
Nagaland,2018,6,21,593.83,125.01,21.05,Low,High
Nagaland,2018,7,21,418.34,89.21,21.33,Low,High
Nagaland,2018,8,21,291.51,60.03,20.59,Low,High
Nagaland,2018,9,21,432.72,86.9,20.08,Low,High
Nagaland,2018,10,21,335.57,78.39,23.36,Low,Medium
Nagaland,2018,11,21,275.16,62.25,22.62,Low,Medium
Nagaland,2018,12,21,507.25,114.85,22.64,Low,Medium
Nagaland,2019,1,21,494.81,106.68,21.56,Low,High
Nagaland,2019,2,21,325.24,68.75,21.14,Low,High
Nagaland,2019,3,21,543.93,123.63,22.73,Low,Medium
Nagaland,2019,4,21,472.46,103.15,21.83,Low,Medium
Nagaland,2019,5,21,1087.54,235.85,21.69,Medium,Medium
Nagaland,2019,6,21,870.21,195.56,22.47,Medium,Medium
Nagaland,2019,7,21,917.47,194.72,21.22,Medium,High
Nagaland,2019,8,21,433.03,101.01,23.33,Low,Medium
Nagaland,2019,9,21,389.34,80.9,20.78,Low,High
Nagaland,2019,10,21,732.39,163.62,22.34,Medium,Medium
Nagaland,2019,11,21,1150.73,266.74,23.18,Medium,Medium
Nagaland,2019,12,21,173.37,34.92,20.14,Low,High
Nagaland,2020,1,21,620.26,171.07,27.58,Low,Low
Nagaland,2020,2,21,1779.28,481.86,27.08,Medium,Low
Nagaland,2020,3,21,435.98,109.18,25.04,Low,Medium
Nagaland,2020,4,21,1588.3,394.76,24.85,Medium,Medium
Nagaland,2020,5,21,268.2,73.66,27.46,Low,Low
Nagaland,2020,6,21,970.9,268.28,27.63,Medium,Low
Nagaland,2020,7,21,1330.67,342.61,25.75,Medium,Medium
Nagaland,2020,8,21,446.29,113.38,25.41,Low,Medium
Nagaland,2020,9,21,578.75,161.53,27.91,Low,Low
Nagaland,2020,10,21,860.24,218.94,25.45,Medium,Medium
Nagaland,2020,11,21,656.53,173.77,26.47,Low,Medium
Nagaland,2020,12,21,534.53,140.58,26.3,Low,Medium
Nagaland,2021,1,21,225.46,58.07,25.75,Low,Medium
Nagaland,2021,2,21,1341.73,341.62,25.46,Medium,Medium
Nagaland,2021,3,21,1617.27,414.3,25.62,Medium,Medium
Nagaland,2021,4,21,1003.52,275.92,27.5,Medium,Low
Nagaland,2021,5,21,1533.35,416.83,27.18,Medium,Low
Nagaland,2021,6,21,758.09,198.86,26.23,Medium,Medium
Nagaland,2021,7,21,1000.8,255.6,25.54,Medium,Medium
Nagaland,2021,8,21,1245.89,305.05,24.48,Medium,Medium
Nagaland,2021,9,21,1147.0,322.55,28.12,Medium,Low
Nagaland,2021,10,21,542.41,146.63,27.03,Low,Low
Nagaland,2021,11,21,352.12,89.19,25.33,Low,Medium
Nagaland,2021,12,21,1206.79,328.26,27.2,Medium,Low
Nagaland,2022,1,21,1021.0,253.45,24.82,Medium,Medium
Nagaland,2022,2,21,856.08,256.86,30.0,Medium,Low
Nagaland,2022,3,21,816.14,223.26,27.36,Medium,Low
Nagaland,2022,4,21,1183.31,305.13,25.79,Medium,Medium
Nagaland,2022,5,21,3515.03,959.11,27.29,Medium,Low
Nagaland,2022,6,21,563.17,139.19,24.71,Low,Medium
Nagaland,2022,7,21,957.72,238.78,24.93,Medium,Medium
Nagaland,2022,8,21,614.0,158.55,25.82,Low,Medium
Nagaland,2022,9,21,217.11,56.53,26.04,Low,Medium
Nagaland,2022,10,21,760.53,184.4,24.25,Medium,Medium
Nagaland,2022,11,21,202.0,51.56,25.53,Low,Medium
Nagaland,2022,12,21,1327.93,341.74,25.73,Medium,Medium
Nagaland,2023,1,21,2213.82,594.83,26.87,Medium,Low
Nagaland,2023,2,21,1594.75,402.4,25.23,Medium,Medium
Nagaland,2023,3,21,590.69,149.75,25.35,Low,Medium
Nagaland,2023,4,21,1041.7,294.46,28.27,Medium,Low
Nagaland,2023,5,21,732.1,199.03,27.19,Medium,Low
Nagaland,2023,6,21,634.78,162.49,25.6,Low,Medium
Nagaland,2023,7,21,1190.85,331.28,27.82,Medium,Low
Nagaland,2023,8,21,289.91,74.43,25.67,Low,Medium
Nagaland,2023,9,21,2890.84,695.42,24.06,Medium,Medium
Nagaland,2023,10,21,311.18,85.84,27.58,Low,Low
Nagaland,2023,11,21,1267.45,365.65,28.85,Medium,Low
Nagaland,2023,12,21,338.78,92.82,27.4,Low,Low
Nagaland,2024,1,21,146.08,38.78,26.55,Low,Medium
Nagaland,2024,2,21,403.15,109.67,27.2,Low,Low
Nagaland,2024,3,21,983.24,249.93,25.42,Medium,Medium
Nagaland,2024,4,21,299.2,79.42,26.54,Low,Medium
Nagaland,2024,5,21,851.0,225.29,26.47,Medium,Medium
Nagaland,2024,6,21,804.56,217.12,26.99,Medium,Low
Nagaland,2024,7,21,1239.27,336.89,27.18,Medium,Low
Nagaland,2024,8,21,1700.12,467.33,27.49,Medium,Low
Nagaland,2024,9,21,1043.54,282.36,27.06,Medium,Low
Nagaland,2024,10,21,447.79,112.49,25.12,Low,Medium
Nagaland,2024,11,21,2759.32,703.21,25.49,Medium,Medium
Nagaland,2024,12,21,3482.45,905.76,26.01,Medium,Medium
Himachal Pradesh,2017,1,31,376.11,36.95,9.82,Low,High
Himachal Pradesh,2017,2,31,969.74,93.59,9.65,Medium,High
Himachal Pradesh,2017,3,31,913.11,91.11,9.98,Medium,High
Himachal Pradesh,2017,4,31,370.6,35.46,9.57,Low,High
Himachal Pradesh,2017,5,31,572.19,54.51,9.53,Low,High
Himachal Pradesh,2017,6,31,393.26,40.66,10.34,Low,High
Himachal Pradesh,2017,7,31,760.23,73.2,9.63,Medium,High
Himachal Pradesh,2017,8,31,102.49,10.33,10.08,Low,High
Himachal Pradesh,2017,9,31,695.18,66.51,9.57,Low,High
Himachal Pradesh,2017,10,31,1255.17,131.57,10.48,Medium,High
Himachal Pradesh,2017,11,31,269.7,25.21,9.35,Low,High
Himachal Pradesh,2017,12,31,1143.36,107.23,9.38,Medium,High
Himachal Pradesh,2018,1,31,1393.3,309.7,22.23,Medium,Medium
Himachal Pradesh,2018,2,31,356.95,82.63,23.15,Low,Medium
Himachal Pradesh,2018,3,31,455.52,101.44,22.27,Low,Medium
Himachal Pradesh,2018,4,31,77.42,15.85,20.47,Low,High
Himachal Pradesh,2018,5,31,507.09,97.03,19.13,Low,High
Himachal Pradesh,2018,6,31,556.35,122.71,22.06,Low,Medium
Himachal Pradesh,2018,7,31,1134.51,245.73,21.66,Medium,High
Himachal Pradesh,2018,8,31,1443.39,300.58,20.82,Medium,High
Himachal Pradesh,2018,9,31,884.23,177.13,20.03,Medium,High
Himachal Pradesh,2018,10,31,1072.34,226.15,21.09,Medium,High
Himachal Pradesh,2018,11,31,455.24,98.7,21.68,Low,Medium
Himachal Pradesh,2018,12,31,177.77,40.22,22.62,Low,Medium
Himachal Pradesh,2019,1,31,800.91,177.79,22.2,Medium,Medium
Himachal Pradesh,2019,2,31,1968.24,410.68,20.87,Medium,High
Himachal Pradesh,2019,3,31,720.18,172.69,23.98,Medium,Medium
Himachal Pradesh,2019,4,31,1139.11,255.96,22.47,Medium,Medium
Himachal Pradesh,2019,5,31,865.63,193.21,22.32,Medium,Medium
Himachal Pradesh,2019,6,31,389.32,91.68,23.55,Low,Medium
Himachal Pradesh,2019,7,31,992.18,228.34,23.01,Medium,Medium
Himachal Pradesh,2019,8,31,233.5,49.66,21.27,Low,High
Himachal Pradesh,2019,9,31,712.34,159.98,22.46,Medium,Medium
Himachal Pradesh,2019,10,31,1700.12,376.76,22.16,Medium,Medium
Himachal Pradesh,2019,11,31,817.62,168.2,20.57,Medium,High
Himachal Pradesh,2019,12,31,865.91,188.43,21.76,Medium,Medium
Himachal Pradesh,2020,1,31,769.36,190.37,24.74,Medium,Medium
Himachal Pradesh,2020,2,31,813.08,194.62,23.94,Medium,Medium
Himachal Pradesh,2020,3,31,821.44,213.55,26.0,Medium,Medium
Himachal Pradesh,2020,4,31,916.13,258.67,28.24,Medium,Low
Himachal Pradesh,2020,5,31,1243.12,322.61,25.95,Medium,Medium
Himachal Pradesh,2020,6,31,660.16,175.15,26.53,Low,Medium
Himachal Pradesh,2020,7,31,403.94,112.84,27.93,Low,Low
Himachal Pradesh,2020,8,31,1346.74,344.88,25.61,Medium,Medium
Himachal Pradesh,2020,9,31,1689.96,486.65,28.8,Medium,Low
Himachal Pradesh,2020,10,31,577.16,165.88,28.74,Low,Low
Himachal Pradesh,2020,11,31,3190.54,828.43,25.97,Medium,Medium
Himachal Pradesh,2020,12,31,2433.52,617.68,25.38,Medium,Medium
Himachal Pradesh,2021,1,31,2010.96,575.24,28.61,Medium,Low
Himachal Pradesh,2021,2,31,923.08,248.24,26.89,Medium,Low
Himachal Pradesh,2021,3,31,2777.15,765.84,27.58,Medium,Low
Himachal Pradesh,2021,4,31,1377.27,354.82,25.76,Medium,Medium
Himachal Pradesh,2021,5,31,374.6,98.16,26.2,Low,Medium
Himachal Pradesh,2021,6,31,389.14,106.54,27.38,Low,Low
Himachal Pradesh,2021,7,31,928.14,262.64,28.3,Medium,Low
Himachal Pradesh,2021,8,31,2470.79,670.58,27.14,Medium,Low
Himachal Pradesh,2021,9,31,504.47,131.55,26.08,Low,Medium
Himachal Pradesh,2021,10,31,926.49,259.31,27.99,Medium,Low
Himachal Pradesh,2021,11,31,3327.1,775.74,23.32,Medium,Medium
Himachal Pradesh,2021,12,31,1667.37,405.57,24.32,Medium,Medium
Himachal Pradesh,2022,1,31,1855.15,480.48,25.9,Medium,Medium
Himachal Pradesh,2022,2,31,1153.18,295.16,25.6,Medium,Medium
Himachal Pradesh,2022,3,31,1723.15,440.23,25.55,Medium,Medium
Himachal Pradesh,2022,4,31,561.8,150.4,26.77,Low,Low
Himachal Pradesh,2022,5,31,2594.66,702.85,27.09,Medium,Low
Himachal Pradesh,2022,6,31,4005.0,1062.5,26.53,High,Medium
Himachal Pradesh,2022,7,31,254.75,70.13,27.53,Low,Low
Himachal Pradesh,2022,8,31,732.61,197.66,26.98,Medium,Low
Himachal Pradesh,2022,9,31,681.5,176.09,25.84,Low,Medium
Himachal Pradesh,2022,10,31,1998.87,512.07,25.62,Medium,Medium
Himachal Pradesh,2022,11,31,1375.01,366.24,26.63,Medium,Medium
Himachal Pradesh,2022,12,31,828.79,223.58,26.98,Medium,Low
Himachal Pradesh,2023,1,31,2972.85,787.23,26.48,Medium,Medium
Himachal Pradesh,2023,2,31,2636.69,687.92,26.09,Medium,Medium
Himachal Pradesh,2023,3,31,1904.81,501.34,26.32,Medium,Medium
Himachal Pradesh,2023,4,31,2448.93,662.47,27.05,Medium,Low
Himachal Pradesh,2023,5,31,364.69,96.2,26.38,Low,Medium
Himachal Pradesh,2023,6,31,481.97,127.81,26.52,Low,Medium
Himachal Pradesh,2023,7,31,433.51,105.49,24.33,Low,Medium
Himachal Pradesh,2023,8,31,1220.62,331.13,27.13,Medium,Low
Himachal Pradesh,2023,9,31,2504.36,663.37,26.49,Medium,Medium
Himachal Pradesh,2023,10,31,867.06,249.27,28.75,Medium,Low
Himachal Pradesh,2023,11,31,2741.83,695.25,25.36,Medium,Medium
Himachal Pradesh,2023,12,31,756.12,182.99,24.2,Medium,Medium
Himachal Pradesh,2024,1,31,2049.36,520.58,25.4,Medium,Medium
Himachal Pradesh,2024,2,31,1699.65,466.76,27.46,Medium,Low
Himachal Pradesh,2024,3,31,3583.09,985.4,27.5,Medium,Low
Himachal Pradesh,2024,4,31,3343.69,933.63,27.92,Medium,Low
Himachal Pradesh,2024,5,31,3840.96,926.51,24.12,Medium,Medium
Himachal Pradesh,2024,6,31,886.81,242.2,27.31,Medium,Low
Himachal Pradesh,2024,7,31,471.59,131.26,27.83,Low,Low
Himachal Pradesh,2024,8,31,230.61,60.15,26.09,Low,Medium
Himachal Pradesh,2024,9,31,2703.54,700.31,25.9,Medium,Medium
Himachal Pradesh,2024,10,31,189.27,48.64,25.7,Low,Medium
Himachal Pradesh,2024,11,31,1582.51,399.72,25.26,Medium,Medium
Himachal Pradesh,2024,12,31,321.34,88.43,27.52,Low,Low
Meghalaya,2017,1,20,1465.81,141.15,9.63,Medium,High
Meghalaya,2017,2,20,243.06,25.93,10.67,Low,High
Meghalaya,2017,3,20,215.0,22.1,10.28,Low,High
Meghalaya,2017,4,20,350.5,36.14,10.31,Low,High
Meghalaya,2017,5,20,583.03,56.97,9.77,Low,High
Meghalaya,2017,6,20,809.63,76.57,9.46,Medium,High
Meghalaya,2017,7,20,105.54,10.47,9.92,Low,High
Meghalaya,2017,8,20,175.68,17.15,9.76,Low,High
Meghalaya,2017,9,20,118.36,11.89,10.05,Low,High
Meghalaya,2017,10,20,361.41,34.66,9.59,Low,High
Meghalaya,2017,11,20,133.07,14.05,10.56,Low,High
Meghalaya,2017,12,20,484.79,47.32,9.76,Low,High
Meghalaya,2018,1,20,230.92,49.73,21.53,Low,High
Meghalaya,2018,2,20,1565.3,331.94,21.21,Medium,High
Meghalaya,2018,3,20,253.79,50.88,20.05,Low,High
Meghalaya,2018,4,20,481.77,103.91,21.57,Low,High
Meghalaya,2018,5,20,160.19,34.93,21.8,Low,Medium
Meghalaya,2018,6,20,135.77,27.99,20.61,Low,High
Meghalaya,2018,7,20,502.17,98.92,19.7,Low,High
Meghalaya,2018,8,20,969.01,218.73,22.57,Medium,Medium
Meghalaya,2018,9,20,217.33,45.97,21.15,Low,High
Meghalaya,2018,10,20,126.58,29.32,23.16,Low,Medium
Meghalaya,2018,11,20,631.04,133.85,21.21,Low,High
Meghalaya,2018,12,20,219.12,46.64,21.29,Low,High
Meghalaya,2019,1,20,205.71,44.37,21.57,Low,High
Meghalaya,2019,2,20,1653.43,372.14,22.51,Medium,Medium
Meghalaya,2019,3,20,199.34,42.13,21.13,Low,High
Meghalaya,2019,4,20,252.28,56.19,22.27,Low,Medium
Meghalaya,2019,5,20,264.57,61.27,23.16,Low,Medium
Meghalaya,2019,6,20,536.31,114.76,21.4,Low,High
Meghalaya,2019,7,20,185.51,41.87,22.57,Low,Medium
Meghalaya,2019,8,20,715.8,152.53,21.31,Medium,High
Meghalaya,2019,9,20,77.94,17.31,22.21,Low,Medium
Meghalaya,2019,10,20,869.82,183.68,21.12,Medium,High
Meghalaya,2019,11,20,639.96,134.38,21.0,Low,High
Meghalaya,2019,12,20,1628.4,375.09,23.03,Medium,Medium
Meghalaya,2020,1,20,469.52,121.94,25.97,Low,Medium
Meghalaya,2020,2,20,527.73,135.18,25.61,Low,Medium
Meghalaya,2020,3,20,547.77,142.67,26.05,Low,Medium
Meghalaya,2020,4,20,188.04,50.91,27.07,Low,Low
Meghalaya,2020,5,20,998.42,261.21,26.16,Medium,Medium
Meghalaya,2020,6,20,904.86,227.41,25.13,Medium,Medium
Meghalaya,2020,7,20,1181.8,320.51,27.12,Medium,Low
Meghalaya,2020,8,20,471.77,124.38,26.36,Low,Medium
Meghalaya,2020,9,20,1404.13,391.34,27.87,Medium,Low
Meghalaya,2020,10,20,1917.97,498.36,25.98,Medium,Medium
Meghalaya,2020,11,20,644.9,158.19,24.53,Low,Medium
Meghalaya,2020,12,20,333.51,91.36,27.39,Low,Low
Meghalaya,2021,1,20,510.01,121.4,23.8,Low,Medium
Meghalaya,2021,2,20,599.11,168.74,28.17,Low,Low
Meghalaya,2021,3,20,1041.61,270.96,26.01,Medium,Medium
Meghalaya,2021,4,20,2104.31,562.95,26.75,Medium,Low
Meghalaya,2021,5,20,1762.99,467.91,26.54,Medium,Medium
Meghalaya,2021,6,20,190.1,47.77,25.13,Low,Medium
Meghalaya,2021,7,20,637.08,158.46,24.87,Low,Medium
Meghalaya,2021,8,20,2012.31,507.29,25.21,Medium,Medium
Meghalaya,2021,9,20,188.89,48.33,25.58,Low,Medium
Meghalaya,2021,10,20,795.76,215.1,27.03,Medium,Low
Meghalaya,2021,11,20,503.94,128.44,25.49,Low,Medium
Meghalaya,2021,12,20,1058.13,305.39,28.86,Medium,Low
Meghalaya,2022,1,20,1881.43,496.26,26.38,Medium,Medium
Meghalaya,2022,2,20,1640.5,413.8,25.22,Medium,Medium
Meghalaya,2022,3,20,780.76,212.06,27.16,Medium,Low
Meghalaya,2022,4,20,906.66,234.72,25.89,Medium,Medium
Meghalaya,2022,5,20,1466.77,363.84,24.81,Medium,Medium
Meghalaya,2022,6,20,627.31,158.35,25.24,Low,Medium
Meghalaya,2022,7,20,1544.53,443.5,28.71,Medium,Low
Meghalaya,2022,8,20,673.7,181.43,26.93,Low,Low
Meghalaya,2022,9,20,190.98,50.73,26.57,Low,Medium
Meghalaya,2022,10,20,787.63,205.52,26.09,Medium,Medium
Meghalaya,2022,11,20,306.09,82.06,26.81,Low,Low
Meghalaya,2022,12,20,654.59,175.38,26.79,Low,Low
Meghalaya,2023,1,20,1208.04,307.73,25.47,Medium,Medium
Meghalaya,2023,2,20,1060.22,273.56,25.8,Medium,Medium
Meghalaya,2023,3,20,405.65,105.59,26.03,Low,Medium
Meghalaya,2023,4,20,579.51,159.47,27.52,Low,Low
Meghalaya,2023,5,20,1775.62,467.08,26.3,Medium,Medium
Meghalaya,2023,6,20,471.04,127.59,27.09,Low,Low
Meghalaya,2023,7,20,2655.28,682.54,25.7,Medium,Medium
Meghalaya,2023,8,20,246.8,66.24,26.84,Low,Low
Meghalaya,2023,9,20,1735.53,478.43,27.57,Medium,Low
Meghalaya,2023,10,20,895.07,228.81,25.56,Medium,Medium
Meghalaya,2023,11,20,408.08,112.52,27.57,Low,Low
Meghalaya,2023,12,20,1032.34,274.65,26.6,Medium,Medium
Meghalaya,2024,1,20,2139.42,605.79,28.32,Medium,Low
Meghalaya,2024,2,20,889.95,215.1,24.17,Medium,Medium
Meghalaya,2024,3,20,968.67,257.4,26.57,Medium,Medium
Meghalaya,2024,4,20,1268.43,335.82,26.48,Medium,Medium
Meghalaya,2024,5,20,1541.94,427.73,27.74,Medium,Low
Meghalaya,2024,6,20,324.65,87.38,26.91,Low,Low
Meghalaya,2024,7,20,2686.99,661.11,24.6,Medium,Medium
Meghalaya,2024,8,20,582.69,160.5,27.54,Low,Low
Meghalaya,2024,9,20,970.16,249.2,25.69,Medium,Medium
Meghalaya,2024,10,20,147.04,41.89,28.49,Low,Low
Meghalaya,2024,11,20,685.3,176.56,25.76,Low,Medium
Meghalaya,2024,12,20,1280.21,332.24,25.95,Medium,Medium
